-0.0002498,-0.2
-0.0002496,-0.18
-0.0002494,-0.22
-0.0002492,-0.22
-0.000249,-0.22
-0.0002488,-0.24
-0.00024859999999999997,-0.24
-0.00024839999999999997,-0.26
-0.00024819999999999996,-0.32
-0.00024799999999999996,-0.28
-0.00024779999999999995,-0.28
-0.00024759999999999995,-0.3
-0.00024739999999999994,-0.28
-0.00024719999999999994,-0.28
-0.00024699999999999993,-0.3
-0.00024679999999999993,-0.32
-0.0002465999999999999,-0.32
-0.0002463999999999999,-0.32
-0.0002461999999999999,-0.34
-0.0002459999999999999,-0.36
-0.0002457999999999999,-0.36
-0.0002455999999999999,-0.34
-0.0002453999999999999,-0.38
-0.0002451999999999999,-0.38
-0.0002449999999999999,-0.4
-0.0002447999999999999,-0.42
-0.0002445999999999999,-0.42
-0.00024439999999999987,-0.4
-0.00024419999999999986,-0.42
-0.00024399999999999986,-0.4
-0.00024379999999999985,-0.42
-0.00024359999999999985,-0.44
-0.00024339999999999984,-0.44
-0.00024319999999999984,-0.46
-0.00024299999999999984,-0.44
-0.00024279999999999983,-0.48
-0.00024259999999999983,-0.48
-0.00024239999999999982,-0.48
-0.00024219999999999982,-0.48
-0.0002419999999999998,-0.52
-0.0002417999999999998,-0.52
-0.0002415999999999998,-0.52
-0.0002413999999999998,-0.52
-0.0002411999999999998,-0.54
-0.00024099999999999979,-0.54
-0.00024079999999999978,-0.54
-0.00024059999999999978,-0.54
-0.00024039999999999977,-0.56
-0.00024019999999999977,-0.56
-0.00023999999999999976,-0.56
-0.00023979999999999976,-0.56
-0.00023959999999999975,-0.58
-0.00023939999999999975,-0.56
-0.00023919999999999974,-0.56
-0.00023899999999999974,-0.58
-0.00023879999999999973,-0.58
-0.00023859999999999973,-0.58
-0.00023839999999999972,-0.6
-0.00023819999999999972,-0.62
-0.0002379999999999997,-0.6
-0.0002377999999999997,-0.58
-0.0002375999999999997,-0.64
-0.0002373999999999997,-0.62
-0.0002371999999999997,-0.62
-0.0002369999999999997,-0.66
-0.00023679999999999968,-0.62
-0.00023659999999999968,-0.62
-0.00023639999999999967,-0.62
-0.00023619999999999967,-0.66
-0.00023599999999999966,-0.66
-0.00023579999999999966,-0.66
-0.00023559999999999966,-0.62
-0.00023539999999999965,-0.66
-0.00023519999999999965,-0.64
-0.00023499999999999964,-0.7000000000000001
-0.00023479999999999964,-0.66
-0.00023459999999999963,-0.68
-0.00023439999999999963,-0.68
-0.00023419999999999962,-0.68
-0.00023399999999999962,-0.68
-0.0002337999999999996,-0.7000000000000001
-0.0002335999999999996,-0.7000000000000001
-0.0002333999999999996,-0.68
-0.0002331999999999996,-0.68
-0.0002329999999999996,-0.7000000000000001
-0.0002327999999999996,-0.68
-0.00023259999999999958,-0.7000000000000001
-0.00023239999999999958,-0.68
-0.00023219999999999957,-0.7000000000000001
-0.00023199999999999957,-0.7000000000000001
-0.00023179999999999956,-0.7000000000000001
-0.00023159999999999956,-0.72
-0.00023139999999999955,-0.7000000000000001
-0.00023119999999999955,-0.68
-0.00023099999999999954,-0.74
-0.00023079999999999954,-0.72
-0.00023059999999999953,-0.7000000000000001
-0.00023039999999999953,-0.7000000000000001
-0.00023019999999999952,-0.7000000000000001
-0.00022999999999999952,-0.7000000000000001
-0.00022979999999999951,-0.7000000000000001
-0.0002295999999999995,-0.72
-0.0002293999999999995,-0.7000000000000001
-0.0002291999999999995,-0.7000000000000001
-0.0002289999999999995,-0.72
-0.0002287999999999995,-0.7000000000000001
-0.00022859999999999949,-0.72
-0.00022839999999999948,-0.7000000000000001
-0.00022819999999999948,-0.72
-0.00022799999999999947,-0.72
-0.00022779999999999947,-0.7000000000000001
-0.00022759999999999946,-0.72
-0.00022739999999999946,-0.7000000000000001
-0.00022719999999999945,-0.7000000000000001
-0.00022699999999999945,-0.7000000000000001
-0.00022679999999999944,-0.7000000000000001
-0.00022659999999999944,-0.7000000000000001
-0.00022639999999999943,-0.68
-0.00022619999999999943,-0.68
-0.00022599999999999942,-0.68
-0.00022579999999999942,-0.7000000000000001
-0.0002255999999999994,-0.66
-0.0002253999999999994,-0.66
-0.0002251999999999994,-0.68
-0.0002249999999999994,-0.7000000000000001
-0.0002247999999999994,-0.66
-0.0002245999999999994,-0.64
-0.00022439999999999938,-0.66
-0.00022419999999999938,-0.68
-0.00022399999999999937,-0.66
-0.00022379999999999937,-0.7000000000000001
-0.00022359999999999936,-0.64
-0.00022339999999999936,-0.64
-0.00022319999999999935,-0.66
-0.00022299999999999935,-0.68
-0.00022279999999999934,-0.64
-0.00022259999999999934,-0.64
-0.00022239999999999933,-0.64
-0.00022219999999999933,-0.66
-0.00022199999999999932,-0.62
-0.00022179999999999932,-0.64
-0.00022159999999999931,-0.64
-0.0002213999999999993,-0.6
-0.0002211999999999993,-0.64
-0.0002209999999999993,-0.6
-0.0002207999999999993,-0.64
-0.0002205999999999993,-0.64
-0.00022039999999999929,-0.58
-0.00022019999999999928,-0.6
-0.00021999999999999928,-0.6
-0.00021979999999999927,-0.6
-0.00021959999999999927,-0.56
-0.00021939999999999926,-0.54
-0.00021919999999999926,-0.58
-0.00021899999999999925,-0.56
-0.00021879999999999925,-0.54
-0.00021859999999999924,-0.54
-0.00021839999999999924,-0.52
-0.00021819999999999923,-0.54
-0.00021799999999999923,-0.5
-0.00021779999999999922,-0.52
-0.00021759999999999922,-0.5
-0.0002173999999999992,-0.5
-0.0002171999999999992,-0.54
-0.0002169999999999992,-0.5
-0.0002167999999999992,-0.5
-0.0002165999999999992,-0.5
-0.0002163999999999992,-0.46
-0.00021619999999999918,-0.46
-0.00021599999999999918,-0.46
-0.00021579999999999917,-0.42
-0.00021559999999999917,-0.44
-0.00021539999999999916,-0.46
-0.00021519999999999916,-0.42
-0.00021499999999999915,-0.38
-0.00021479999999999915,-0.4
-0.00021459999999999914,-0.44
-0.00021439999999999914,-0.38
-0.00021419999999999914,-0.4
-0.00021399999999999913,-0.4
-0.00021379999999999913,-0.38
-0.00021359999999999912,-0.34
-0.00021339999999999912,-0.38
-0.0002131999999999991,-0.36
-0.0002129999999999991,-0.36
-0.0002127999999999991,-0.34
-0.0002125999999999991,-0.32
-0.0002123999999999991,-0.34
-0.00021219999999999909,-0.34
-0.00021199999999999908,-0.3
-0.00021179999999999908,-0.3
-0.00021159999999999907,-0.26
-0.00021139999999999907,-0.28
-0.00021119999999999906,-0.26
-0.00021099999999999906,-0.28
-0.00021079999999999905,-0.28
-0.00021059999999999905,-0.24
-0.00021039999999999904,-0.26
-0.00021019999999999904,-0.26
-0.00020999999999999903,-0.22
-0.00020979999999999903,-0.24
-0.00020959999999999902,-0.2
-0.00020939999999999902,-0.22
-0.000209199999999999,-0.22
-0.000208999999999999,-0.22
-0.000208799999999999,-0.18
-0.000208599999999999,-0.18
-0.000208399999999999,-0.16
-0.000208199999999999,-0.14
-0.00020799999999999898,-0.16
-0.00020779999999999898,-0.14
-0.00020759999999999897,-0.16
-0.00020739999999999897,-0.12
-0.00020719999999999896,-0.1
-0.00020699999999999896,-0.1
-0.00020679999999999896,-0.1
-0.00020659999999999895,-0.1
-0.00020639999999999895,-0.08
-0.00020619999999999894,-0.08
-0.00020599999999999894,-0.08
-0.00020579999999999893,-0.08
-0.00020559999999999893,-0.04
-0.00020539999999999892,-0.04
-0.00020519999999999892,-0.02
-0.0002049999999999989,-0.02
-0.0002047999999999989,0.0
-0.0002045999999999989,0.0
-0.0002043999999999989,0.02
-0.0002041999999999989,0.0
-0.0002039999999999989,0.02
-0.00020379999999999888,0.04
-0.00020359999999999888,0.06
-0.00020339999999999887,0.06
-0.00020319999999999887,0.08
-0.00020299999999999886,0.08
-0.00020279999999999886,0.08
-0.00020259999999999885,0.1
-0.00020239999999999885,0.1
-0.00020219999999999884,0.1
-0.00020199999999999884,0.08
-0.00020179999999999883,0.14
-0.00020159999999999883,0.16
-0.00020139999999999882,0.14
-0.00020119999999999882,0.16
-0.00020099999999999881,0.14
-0.0002007999999999988,0.16
-0.0002005999999999988,0.16
-0.0002003999999999988,0.2
-0.0002001999999999988,0.2
-0.0001999999999999988,0.22
-0.00019979999999999878,0.22
-0.00019959999999999878,0.22
-0.00019939999999999878,0.22
-0.00019919999999999877,0.24
-0.00019899999999999877,0.24
-0.00019879999999999876,0.24
-0.00019859999999999876,0.24
-0.00019839999999999875,0.28
-0.00019819999999999875,0.3
-0.00019799999999999874,0.3
-0.00019779999999999874,0.28
-0.00019759999999999873,0.32
-0.00019739999999999873,0.28
-0.00019719999999999872,0.34
-0.00019699999999999872,0.34
-0.0001967999999999987,0.34
-0.0001965999999999987,0.34
-0.0001963999999999987,0.36
-0.0001961999999999987,0.36
-0.0001959999999999987,0.36
-0.0001957999999999987,0.4
-0.00019559999999999868,0.4
-0.00019539999999999868,0.4
-0.00019519999999999867,0.42
-0.00019499999999999867,0.42
-0.00019479999999999866,0.4
-0.00019459999999999866,0.42
-0.00019439999999999865,0.42
-0.00019419999999999865,0.44
-0.00019399999999999864,0.44
-0.00019379999999999864,0.44
-0.00019359999999999863,0.46
-0.00019339999999999863,0.48
-0.00019319999999999862,0.5
-0.00019299999999999862,0.5
-0.00019279999999999861,0.5
-0.0001925999999999986,0.48
-0.0001923999999999986,0.48
-0.0001921999999999986,0.5
-0.0001919999999999986,0.48
-0.0001917999999999986,0.54
-0.00019159999999999859,0.54
-0.00019139999999999858,0.56
-0.00019119999999999858,0.54
-0.00019099999999999857,0.56
-0.00019079999999999857,0.54
-0.00019059999999999856,0.56
-0.00019039999999999856,0.58
-0.00019019999999999855,0.58
-0.00018999999999999855,0.58
-0.00018979999999999854,0.56
-0.00018959999999999854,0.58
-0.00018939999999999853,0.6
-0.00018919999999999853,0.6
-0.00018899999999999852,0.58
-0.00018879999999999852,0.6
-0.0001885999999999985,0.64
-0.0001883999999999985,0.64
-0.0001881999999999985,0.62
-0.0001879999999999985,0.62
-0.0001877999999999985,0.6
-0.0001875999999999985,0.66
-0.00018739999999999848,0.66
-0.00018719999999999848,0.66
-0.00018699999999999847,0.66
-0.00018679999999999847,0.66
-0.00018659999999999846,0.66
-0.00018639999999999846,0.64
-0.00018619999999999845,0.66
-0.00018599999999999845,0.68
-0.00018579999999999844,0.66
-0.00018559999999999844,0.68
-0.00018539999999999843,0.7000000000000001
-0.00018519999999999843,0.68
-0.00018499999999999843,0.68
-0.00018479999999999842,0.66
-0.00018459999999999842,0.7000000000000001
-0.0001843999999999984,0.68
-0.0001841999999999984,0.68
-0.0001839999999999984,0.7000000000000001
-0.0001837999999999984,0.7000000000000001
-0.0001835999999999984,0.7000000000000001
-0.00018339999999999839,0.7000000000000001
-0.00018319999999999838,0.72
-0.00018299999999999838,0.7000000000000001
-0.00018279999999999837,0.68
-0.00018259999999999837,0.7000000000000001
-0.00018239999999999836,0.72
-0.00018219999999999836,0.7000000000000001
-0.00018199999999999835,0.7000000000000001
-0.00018179999999999835,0.74
-0.00018159999999999834,0.72
-0.00018139999999999834,0.7000000000000001
-0.00018119999999999833,0.72
-0.00018099999999999833,0.72
-0.00018079999999999832,0.72
-0.00018059999999999832,0.72
-0.0001803999999999983,0.72
-0.0001801999999999983,0.7000000000000001
-0.0001799999999999983,0.74
-0.0001797999999999983,0.72
-0.0001795999999999983,0.7000000000000001
-0.0001793999999999983,0.74
-0.00017919999999999828,0.72
-0.00017899999999999828,0.72
-0.00017879999999999827,0.74
-0.00017859999999999827,0.74
-0.00017839999999999826,0.7000000000000001
-0.00017819999999999826,0.72
-0.00017799999999999826,0.72
-0.00017779999999999825,0.72
-0.00017759999999999825,0.7000000000000001
-0.00017739999999999824,0.72
-0.00017719999999999824,0.74
-0.00017699999999999823,0.74
-0.00017679999999999823,0.7000000000000001
-0.00017659999999999822,0.74
-0.00017639999999999822,0.72
-0.0001761999999999982,0.72
-0.0001759999999999982,0.7000000000000001
-0.0001757999999999982,0.68
-0.0001755999999999982,0.7000000000000001
-0.0001753999999999982,0.72
-0.0001751999999999982,0.7000000000000001
-0.00017499999999999818,0.7000000000000001
-0.00017479999999999818,0.7000000000000001
-0.00017459999999999817,0.66
-0.00017439999999999817,0.7000000000000001
-0.00017419999999999816,0.72
-0.00017399999999999816,0.68
-0.00017379999999999815,0.66
-0.00017359999999999815,0.7000000000000001
-0.00017339999999999814,0.68
-0.00017319999999999814,0.68
-0.00017299999999999813,0.66
-0.00017279999999999813,0.66
-0.00017259999999999812,0.66
-0.00017239999999999812,0.66
-0.00017219999999999811,0.66
-0.0001719999999999981,0.68
-0.0001717999999999981,0.68
-0.0001715999999999981,0.66
-0.0001713999999999981,0.64
-0.0001711999999999981,0.66
-0.00017099999999999808,0.64
-0.00017079999999999808,0.62
-0.00017059999999999808,0.62
-0.00017039999999999807,0.64
-0.00017019999999999807,0.62
-0.00016999999999999806,0.6
-0.00016979999999999806,0.6
-0.00016959999999999805,0.6
-0.00016939999999999805,0.58
-0.00016919999999999804,0.58
-0.00016899999999999804,0.58
-0.00016879999999999803,0.6
-0.00016859999999999803,0.58
-0.00016839999999999802,0.54
-0.00016819999999999802,0.54
-0.000167999999999998,0.54
-0.000167799999999998,0.54
-0.000167599999999998,0.56
-0.000167399999999998,0.54
-0.000167199999999998,0.52
-0.000166999999999998,0.54
-0.00016679999999999798,0.52
-0.00016659999999999798,0.52
-0.00016639999999999797,0.5
-0.00016619999999999797,0.5
-0.00016599999999999796,0.48
-0.00016579999999999796,0.46
-0.00016559999999999795,0.46
-0.00016539999999999795,0.46
-0.00016519999999999794,0.46
-0.00016499999999999794,0.48
-0.00016479999999999793,0.42
-0.00016459999999999793,0.44
-0.00016439999999999792,0.42
-0.00016419999999999792,0.4
-0.00016399999999999791,0.4
-0.0001637999999999979,0.4
-0.0001635999999999979,0.38
-0.0001633999999999979,0.36
-0.0001631999999999979,0.36
-0.0001629999999999979,0.34
-0.00016279999999999789,0.36
-0.00016259999999999788,0.38
-0.00016239999999999788,0.38
-0.00016219999999999787,0.36
-0.00016199999999999787,0.36
-0.00016179999999999786,0.34
-0.00016159999999999786,0.3
-0.00016139999999999785,0.3
-0.00016119999999999785,0.28
-0.00016099999999999784,0.3
-0.00016079999999999784,0.26
-0.00016059999999999783,0.26
-0.00016039999999999783,0.26
-0.00016019999999999782,0.24
-0.00015999999999999782,0.26
-0.0001597999999999978,0.24
-0.0001595999999999978,0.2
-0.0001593999999999978,0.24
-0.0001591999999999978,0.22
-0.0001589999999999978,0.2
-0.0001587999999999978,0.22
-0.00015859999999999778,0.2
-0.00015839999999999778,0.16
-0.00015819999999999777,0.18
-0.00015799999999999777,0.16
-0.00015779999999999776,0.14
-0.00015759999999999776,0.14
-0.00015739999999999775,0.14
-0.00015719999999999775,0.16
-0.00015699999999999774,0.14
-0.00015679999999999774,0.14
-0.00015659999999999773,0.12
-0.00015639999999999773,0.08
-0.00015619999999999773,0.06
-0.00015599999999999772,0.06
-0.00015579999999999772,0.06
-0.0001555999999999977,0.08
-0.0001553999999999977,0.04
-0.0001551999999999977,0.06
-0.0001549999999999977,0.04
-0.0001547999999999977,0.04
-0.00015459999999999769,0.0
-0.00015439999999999768,0.02
-0.00015419999999999768,0.02
-0.00015399999999999767,-0.04
-0.00015379999999999767,-0.02
-0.00015359999999999766,-0.02
-0.00015339999999999766,-0.06
-0.00015319999999999765,-0.04
-0.00015299999999999765,-0.06
-0.00015279999999999764,-0.08
-0.00015259999999999764,-0.06
-0.00015239999999999763,-0.06
-0.00015219999999999763,-0.08
-0.00015199999999999762,-0.08
-0.00015179999999999762,-0.12
-0.0001515999999999976,-0.1
-0.0001513999999999976,-0.14
-0.0001511999999999976,-0.14
-0.0001509999999999976,-0.16
-0.0001507999999999976,-0.16
-0.0001505999999999976,-0.16
-0.00015039999999999758,-0.16
-0.00015019999999999758,-0.18
-0.00014999999999999757,-0.18
-0.00014979999999999757,-0.22
-0.00014959999999999756,-0.2
-0.00014939999999999756,-0.2
-0.00014919999999999756,-0.2
-0.00014899999999999755,-0.22
-0.00014879999999999755,-0.24
-0.00014859999999999754,-0.22
-0.00014839999999999754,-0.24
-0.00014819999999999753,-0.26
-0.00014799999999999753,-0.28
-0.00014779999999999752,-0.26
-0.00014759999999999752,-0.28
-0.0001473999999999975,-0.28
-0.0001471999999999975,-0.3
-0.0001469999999999975,-0.3
-0.0001467999999999975,-0.32
-0.0001465999999999975,-0.36
-0.0001463999999999975,-0.36
-0.00014619999999999748,-0.36
-0.00014599999999999748,-0.34
-0.00014579999999999747,-0.36
-0.00014559999999999747,-0.36
-0.00014539999999999746,-0.36
-0.00014519999999999746,-0.38
-0.00014499999999999745,-0.4
-0.00014479999999999745,-0.4
-0.00014459999999999744,-0.42
-0.00014439999999999744,-0.4
-0.00014419999999999743,-0.42
-0.00014399999999999743,-0.42
-0.00014379999999999742,-0.42
-0.00014359999999999742,-0.46
-0.00014339999999999741,-0.46
-0.0001431999999999974,-0.46
-0.0001429999999999974,-0.46
-0.0001427999999999974,-0.46
-0.0001425999999999974,-0.48
-0.0001423999999999974,-0.48
-0.00014219999999999738,-0.46
-0.00014199999999999738,-0.48
-0.00014179999999999738,-0.5
-0.00014159999999999737,-0.54
-0.00014139999999999737,-0.52
-0.00014119999999999736,-0.52
-0.00014099999999999736,-0.5
-0.00014079999999999735,-0.52
-0.00014059999999999735,-0.54
-0.00014039999999999734,-0.52
-0.00014019999999999734,-0.52
-0.00013999999999999733,-0.54
-0.00013979999999999733,-0.56
-0.00013959999999999732,-0.58
-0.00013939999999999732,-0.56
-0.0001391999999999973,-0.58
-0.0001389999999999973,-0.56
-0.0001387999999999973,-0.56
-0.0001385999999999973,-0.62
-0.0001383999999999973,-0.6
-0.0001381999999999973,-0.58
-0.00013799999999999728,-0.62
-0.00013779999999999728,-0.62
-0.00013759999999999727,-0.64
-0.00013739999999999727,-0.62
-0.00013719999999999726,-0.62
-0.00013699999999999726,-0.64
-0.00013679999999999725,-0.62
-0.00013659999999999725,-0.64
-0.00013639999999999724,-0.62
-0.00013619999999999724,-0.62
-0.00013599999999999723,-0.64
-0.00013579999999999723,-0.66
-0.00013559999999999722,-0.64
-0.00013539999999999722,-0.64
-0.00013519999999999721,-0.64
-0.0001349999999999972,-0.68
-0.0001347999999999972,-0.7000000000000001
-0.0001345999999999972,-0.66
-0.0001343999999999972,-0.68
-0.0001341999999999972,-0.68
-0.00013399999999999719,-0.66
-0.00013379999999999718,-0.68
-0.00013359999999999718,-0.68
-0.00013339999999999717,-0.68
-0.00013319999999999717,-0.7000000000000001
-0.00013299999999999716,-0.7000000000000001
-0.00013279999999999716,-0.72
-0.00013259999999999715,-0.7000000000000001
-0.00013239999999999715,-0.72
-0.00013219999999999714,-0.68
-0.00013199999999999714,-0.7000000000000001
-0.00013179999999999713,-0.7000000000000001
-0.00013159999999999713,-0.72
-0.00013139999999999712,-0.7000000000000001
-0.00013119999999999712,-0.68
-0.0001309999999999971,-0.7000000000000001
-0.0001307999999999971,-0.7000000000000001
-0.0001305999999999971,-0.68
-0.0001303999999999971,-0.72
-0.0001301999999999971,-0.68
-0.0001299999999999971,-0.72
-0.00012979999999999708,-0.7000000000000001
-0.00012959999999999708,-0.7000000000000001
-0.00012939999999999707,-0.74
-0.00012919999999999707,-0.7000000000000001
-0.00012899999999999706,-0.68
-0.00012879999999999706,-0.72
-0.00012859999999999705,-0.7000000000000001
-0.00012839999999999705,-0.72
-0.00012819999999999704,-0.68
-0.00012799999999999704,-0.7000000000000001
-0.00012779999999999703,-0.72
-0.00012759999999999703,-0.72
-0.00012739999999999703,-0.7000000000000001
-0.00012719999999999702,-0.7000000000000001
-0.00012699999999999702,-0.68
-0.000126799999999997,-0.7000000000000001
-0.000126599999999997,-0.7000000000000001
-0.000126399999999997,-0.72
-0.000126199999999997,-0.7000000000000001
-0.000125999999999997,-0.7000000000000001
-0.00012579999999999699,-0.68
-0.00012559999999999698,-0.7000000000000001
-0.00012539999999999698,-0.68
-0.00012519999999999697,-0.68
-0.00012499999999999697,-0.7000000000000001
-0.00012479999999999696,-0.68
-0.00012459999999999696,-0.68
-0.00012439999999999695,-0.68
-0.00012419999999999695,-0.66
-0.00012399999999999694,-0.66
-0.00012379999999999694,-0.66
-0.00012359999999999693,-0.66
-0.00012339999999999693,-0.66
-0.00012319999999999692,-0.64
-0.00012299999999999692,-0.66
-0.0001227999999999969,-0.68
-0.0001225999999999969,-0.68
-0.0001223999999999969,-0.64
-0.0001221999999999969,-0.62
-0.0001219999999999969,-0.62
-0.00012179999999999689,-0.64
-0.00012159999999999688,-0.64
-0.00012139999999999688,-0.62
-0.00012119999999999687,-0.62
-0.00012099999999999687,-0.62
-0.00012079999999999686,-0.62
-0.00012059999999999686,-0.6
-0.00012039999999999686,-0.62
-0.00012019999999999685,-0.58
-0.00011999999999999685,-0.56
-0.00011979999999999684,-0.6
-0.00011959999999999684,-0.58
-0.00011939999999999683,-0.56
-0.00011919999999999683,-0.56
-0.00011899999999999682,-0.56
-0.00011879999999999682,-0.54
-0.00011859999999999681,-0.52
-0.0001183999999999968,-0.52
-0.0001181999999999968,-0.56
-0.0001179999999999968,-0.52
-0.00011779999999999679,-0.52
-0.00011759999999999679,-0.52
-0.00011739999999999678,-0.5
-0.00011719999999999678,-0.48
-0.00011699999999999677,-0.5
-0.00011679999999999677,-0.48
-0.00011659999999999676,-0.5
-0.00011639999999999676,-0.5
-0.00011619999999999675,-0.48
-0.00011599999999999675,-0.46
-0.00011579999999999674,-0.46
-0.00011559999999999674,-0.44
-0.00011539999999999673,-0.44
-0.00011519999999999673,-0.44
-0.00011499999999999672,-0.44
-0.00011479999999999672,-0.4
-0.00011459999999999671,-0.42
-0.00011439999999999671,-0.42
-0.0001141999999999967,-0.38
-0.0001139999999999967,-0.38
-0.0001137999999999967,-0.36
-0.00011359999999999669,-0.36
-0.00011339999999999668,-0.36
-0.00011319999999999668,-0.36
-0.00011299999999999668,-0.36
-0.00011279999999999667,-0.36
-0.00011259999999999667,-0.32
-0.00011239999999999666,-0.32
-0.00011219999999999666,-0.32
-0.00011199999999999665,-0.32
-0.00011179999999999665,-0.3
-0.00011159999999999664,-0.3
-0.00011139999999999664,-0.28
-0.00011119999999999663,-0.28
-0.00011099999999999663,-0.28
-0.00011079999999999662,-0.28
-0.00011059999999999662,-0.28
-0.00011039999999999661,-0.26
-0.00011019999999999661,-0.22
-0.0001099999999999966,-0.24
-0.0001097999999999966,-0.22
-0.00010959999999999659,-0.22
-0.00010939999999999659,-0.22
-0.00010919999999999658,-0.18
-0.00010899999999999658,-0.16
-0.00010879999999999657,-0.22
-0.00010859999999999657,-0.14
-0.00010839999999999656,-0.16
-0.00010819999999999656,-0.14
-0.00010799999999999655,-0.14
-0.00010779999999999655,-0.14
-0.00010759999999999654,-0.12
-0.00010739999999999654,-0.1
-0.00010719999999999653,-0.12
-0.00010699999999999653,-0.12
-0.00010679999999999652,-0.1
-0.00010659999999999652,-0.1
-0.00010639999999999651,-0.06
-0.00010619999999999651,-0.08
-0.0001059999999999965,-0.04
-0.0001057999999999965,-0.06
-0.0001055999999999965,-0.08
-0.00010539999999999649,-0.06
-0.00010519999999999649,-0.02
-0.00010499999999999648,-0.02
-0.00010479999999999648,-0.02
-0.00010459999999999647,-0.02
-0.00010439999999999647,0.0
-0.00010419999999999646,0.02
-0.00010399999999999646,0.04
-0.00010379999999999645,0.04
-0.00010359999999999645,0.02
-0.00010339999999999644,0.06
-0.00010319999999999644,0.04
-0.00010299999999999643,0.04
-0.00010279999999999643,0.1
-0.00010259999999999642,0.08
-0.00010239999999999642,0.08
-0.00010219999999999641,0.1
-0.00010199999999999641,0.08
-0.0001017999999999964,0.1
-0.0001015999999999964,0.16
-0.00010139999999999639,0.14
-0.00010119999999999639,0.16
-0.00010099999999999638,0.14
-0.00010079999999999638,0.16
-0.00010059999999999637,0.2
-0.00010039999999999637,0.18
-0.00010019999999999636,0.2
-9.999999999999636e-05,0.2
-9.979999999999635e-05,0.22
-9.959999999999635e-05,0.18
-9.939999999999634e-05,0.24
-9.919999999999634e-05,0.24
-9.899999999999633e-05,0.26
-9.879999999999633e-05,0.26
-9.859999999999633e-05,0.28
-9.839999999999632e-05,0.22
-9.819999999999632e-05,0.28
-9.799999999999631e-05,0.28
-9.77999999999963e-05,0.3
-9.75999999999963e-05,0.3
-9.73999999999963e-05,0.32
-9.719999999999629e-05,0.3
-9.699999999999629e-05,0.32
-9.679999999999628e-05,0.32
-9.659999999999628e-05,0.32
-9.639999999999627e-05,0.34
-9.619999999999627e-05,0.36
-9.599999999999626e-05,0.38
-9.579999999999626e-05,0.36
-9.559999999999625e-05,0.36
-9.539999999999625e-05,0.36
-9.519999999999624e-05,0.38
-9.499999999999624e-05,0.42
-9.479999999999623e-05,0.38
-9.459999999999623e-05,0.42
-9.439999999999622e-05,0.44
-9.419999999999622e-05,0.42
-9.399999999999621e-05,0.42
-9.379999999999621e-05,0.44
-9.35999999999962e-05,0.48
-9.33999999999962e-05,0.48
-9.31999999999962e-05,0.46
-9.299999999999619e-05,0.5
-9.279999999999618e-05,0.5
-9.259999999999618e-05,0.52
-9.239999999999617e-05,0.5
-9.219999999999617e-05,0.5
-9.199999999999616e-05,0.54
-9.179999999999616e-05,0.5
-9.159999999999615e-05,0.5
-9.139999999999615e-05,0.54
-9.119999999999615e-05,0.54
-9.099999999999614e-05,0.54
-9.079999999999614e-05,0.54
-9.059999999999613e-05,0.54
-9.039999999999613e-05,0.56
-9.019999999999612e-05,0.6
-8.999999999999612e-05,0.58
-8.979999999999611e-05,0.56
-8.95999999999961e-05,0.6
-8.93999999999961e-05,0.58
-8.91999999999961e-05,0.6
-8.899999999999609e-05,0.6
-8.879999999999609e-05,0.6
-8.859999999999608e-05,0.58
-8.839999999999608e-05,0.62
-8.819999999999607e-05,0.62
-8.799999999999607e-05,0.62
-8.779999999999606e-05,0.62
-8.759999999999606e-05,0.64
-8.739999999999605e-05,0.62
-8.719999999999605e-05,0.66
-8.699999999999604e-05,0.66
-8.679999999999604e-05,0.66
-8.659999999999603e-05,0.64
-8.639999999999603e-05,0.66
-8.619999999999602e-05,0.64
-8.599999999999602e-05,0.68
-8.579999999999601e-05,0.66
-8.559999999999601e-05,0.66
-8.5399999999996e-05,0.64
-8.5199999999996e-05,0.66
-8.4999999999996e-05,0.7000000000000001
-8.479999999999599e-05,0.64
-8.459999999999598e-05,0.68
-8.439999999999598e-05,0.7000000000000001
-8.419999999999598e-05,0.7000000000000001
-8.399999999999597e-05,0.68
-8.379999999999597e-05,0.7000000000000001
-8.359999999999596e-05,0.7000000000000001
-8.339999999999596e-05,0.7000000000000001
-8.319999999999595e-05,0.7000000000000001
-8.299999999999595e-05,0.74
-8.279999999999594e-05,0.72
-8.259999999999594e-05,0.68
-8.239999999999593e-05,0.72
-8.219999999999593e-05,0.72
-8.199999999999592e-05,0.72
-8.179999999999592e-05,0.74
-8.159999999999591e-05,0.7000000000000001
-8.139999999999591e-05,0.7000000000000001
-8.11999999999959e-05,0.72
-8.09999999999959e-05,0.72
-8.079999999999589e-05,0.7000000000000001
-8.059999999999589e-05,0.7000000000000001
-8.039999999999588e-05,0.76
-8.019999999999588e-05,0.74
-7.999999999999587e-05,0.7000000000000001
-7.979999999999587e-05,0.72
-7.959999999999586e-05,0.72
-7.939999999999586e-05,0.72
-7.919999999999585e-05,0.72
-7.899999999999585e-05,0.72
-7.879999999999584e-05,0.72
-7.859999999999584e-05,0.72
-7.839999999999583e-05,0.7000000000000001
-7.819999999999583e-05,0.72
-7.799999999999582e-05,0.76
-7.779999999999582e-05,0.7000000000000001
-7.759999999999581e-05,0.7000000000000001
-7.739999999999581e-05,0.72
-7.71999999999958e-05,0.72
-7.69999999999958e-05,0.72
-7.67999999999958e-05,0.7000000000000001
-7.659999999999579e-05,0.72
-7.639999999999579e-05,0.72
-7.619999999999578e-05,0.72
-7.599999999999578e-05,0.7000000000000001
-7.579999999999577e-05,0.72
-7.559999999999577e-05,0.7000000000000001
-7.539999999999576e-05,0.7000000000000001
-7.519999999999576e-05,0.7000000000000001
-7.499999999999575e-05,0.7000000000000001
-7.479999999999575e-05,0.7000000000000001
-7.459999999999574e-05,0.68
-7.439999999999574e-05,0.7000000000000001
-7.419999999999573e-05,0.7000000000000001
-7.399999999999573e-05,0.7000000000000001
-7.379999999999572e-05,0.7000000000000001
-7.359999999999572e-05,0.68
-7.339999999999571e-05,0.7000000000000001
-7.319999999999571e-05,0.68
-7.29999999999957e-05,0.7000000000000001
-7.27999999999957e-05,0.66
-7.259999999999569e-05,0.66
-7.239999999999569e-05,0.7000000000000001
-7.219999999999568e-05,0.68
-7.199999999999568e-05,0.66
-7.179999999999567e-05,0.66
-7.159999999999567e-05,0.66
-7.139999999999566e-05,0.62
-7.119999999999566e-05,0.62
-7.099999999999565e-05,0.64
-7.079999999999565e-05,0.64
-7.059999999999564e-05,0.62
-7.039999999999564e-05,0.64
-7.019999999999563e-05,0.62
-6.999999999999563e-05,0.6
-6.979999999999563e-05,0.62
-6.959999999999562e-05,0.6
-6.939999999999562e-05,0.6
-6.919999999999561e-05,0.56
-6.89999999999956e-05,0.58
-6.87999999999956e-05,0.56
-6.85999999999956e-05,0.58
-6.839999999999559e-05,0.56
-6.819999999999559e-05,0.56
-6.799999999999558e-05,0.54
-6.779999999999558e-05,0.56
-6.759999999999557e-05,0.52
-6.739999999999557e-05,0.52
-6.719999999999556e-05,0.5
-6.699999999999556e-05,0.52
-6.679999999999555e-05,0.52
-6.659999999999555e-05,0.5
-6.639999999999554e-05,0.48
-6.619999999999554e-05,0.48
-6.599999999999553e-05,0.46
-6.579999999999553e-05,0.44
-6.559999999999552e-05,0.46
-6.539999999999552e-05,0.42
-6.519999999999551e-05,0.46
-6.499999999999551e-05,0.42
-6.47999999999955e-05,0.44
-6.45999999999955e-05,0.44
-6.43999999999955e-05,0.4
-6.419999999999549e-05,0.44
-6.399999999999548e-05,0.42
-6.379999999999548e-05,0.4
-6.359999999999547e-05,0.42
-6.339999999999547e-05,0.38
-6.319999999999546e-05,0.4
-6.299999999999546e-05,0.38
-6.279999999999545e-05,0.36
-6.259999999999545e-05,0.34
-6.239999999999545e-05,0.36
-6.219999999999544e-05,0.34
-6.199999999999544e-05,0.34
-6.179999999999543e-05,0.32
-6.159999999999543e-05,0.3
-6.139999999999542e-05,0.32
-6.119999999999542e-05,0.28
-6.099999999999541e-05,0.28
-6.0799999999995406e-05,0.3
-6.05999999999954e-05,0.3
-6.0399999999995397e-05,0.26
-6.019999999999539e-05,0.26
-5.999999999999539e-05,0.24
-5.979999999999538e-05,0.26
-5.959999999999538e-05,0.22
-5.939999999999537e-05,0.2
-5.919999999999537e-05,0.22
-5.899999999999536e-05,0.2
-5.879999999999536e-05,0.2
-5.859999999999535e-05,0.18
-5.839999999999535e-05,0.16
-5.819999999999534e-05,0.18
-5.799999999999534e-05,0.16
-5.7799999999995333e-05,0.18
-5.759999999999533e-05,0.12
-5.7399999999995324e-05,0.16
-5.719999999999532e-05,0.14
-5.6999999999995314e-05,0.1
-5.679999999999531e-05,0.1
-5.6599999999995304e-05,0.12
-5.63999999999953e-05,0.1
-5.6199999999995295e-05,0.08
-5.599999999999529e-05,0.1
-5.5799999999995285e-05,0.08
-5.559999999999528e-05,0.04
-5.5399999999995275e-05,0.06
-5.519999999999527e-05,0.06
-5.4999999999995265e-05,0.06
-5.479999999999526e-05,0.02
-5.4599999999995256e-05,0.02
-5.439999999999525e-05,0.0
-5.4199999999995246e-05,0.0
-5.399999999999524e-05,-0.02
-5.3799999999995236e-05,-0.02
-5.359999999999523e-05,-0.02
-5.3399999999995226e-05,-0.04
-5.319999999999522e-05,-0.02
-5.299999999999522e-05,-0.02
-5.279999999999521e-05,-0.06
-5.259999999999521e-05,-0.08
-5.23999999999952e-05,-0.1
-5.21999999999952e-05,-0.08
-5.199999999999519e-05,-0.08
-5.179999999999519e-05,-0.06
-5.159999999999518e-05,-0.12
-5.139999999999518e-05,-0.16
-5.119999999999517e-05,-0.14
-5.099999999999517e-05,-0.14
-5.079999999999516e-05,-0.14
-5.059999999999516e-05,-0.16
-5.0399999999995154e-05,-0.16
-5.019999999999515e-05,-0.18
-4.9999999999995144e-05,-0.2
-4.979999999999514e-05,-0.2
-4.9599999999995134e-05,-0.2
-4.939999999999513e-05,-0.18
-4.9199999999995124e-05,-0.2
-4.899999999999512e-05,-0.24
-4.8799999999995115e-05,-0.2
-4.859999999999511e-05,-0.2
-4.8399999999995105e-05,-0.24
-4.81999999999951e-05,-0.24
-4.7999999999995095e-05,-0.26
-4.779999999999509e-05,-0.28
-4.7599999999995085e-05,-0.3
-4.739999999999508e-05,-0.32
-4.7199999999995076e-05,-0.3
-4.699999999999507e-05,-0.32
-4.6799999999995066e-05,-0.32
-4.659999999999506e-05,-0.32
-4.6399999999995056e-05,-0.36
-4.619999999999505e-05,-0.3
-4.5999999999995047e-05,-0.32
-4.579999999999504e-05,-0.36
-4.559999999999504e-05,-0.38
-4.539999999999503e-05,-0.38
-4.519999999999503e-05,-0.38
-4.499999999999502e-05,-0.4
-4.479999999999502e-05,-0.38
-4.459999999999501e-05,-0.4
-4.439999999999501e-05,-0.42
-4.4199999999995e-05,-0.44
-4.3999999999995e-05,-0.44
-4.379999999999499e-05,-0.42
-4.359999999999499e-05,-0.42
-4.3399999999994983e-05,-0.46
-4.319999999999498e-05,-0.42
-4.2999999999994974e-05,-0.46
-4.279999999999497e-05,-0.46
-4.2599999999994964e-05,-0.46
-4.239999999999496e-05,-0.48
-4.2199999999994954e-05,-0.48
-4.199999999999495e-05,-0.5
-4.1799999999994944e-05,-0.48
-4.159999999999494e-05,-0.5
-4.1399999999994935e-05,-0.52
-4.119999999999493e-05,-0.52
-4.0999999999994925e-05,-0.52
-4.079999999999492e-05,-0.54
-4.0599999999994915e-05,-0.54
-4.039999999999491e-05,-0.54
-4.0199999999994906e-05,-0.58
-3.99999999999949e-05,-0.56
-3.9799999999994896e-05,-0.56
-3.959999999999489e-05,-0.58
-3.9399999999994886e-05,-0.56
-3.919999999999488e-05,-0.56
-3.8999999999994876e-05,-0.6
-3.879999999999487e-05,-0.58
-3.859999999999487e-05,-0.58
-3.839999999999486e-05,-0.58
-3.819999999999486e-05,-0.62
-3.799999999999485e-05,-0.62
-3.779999999999485e-05,-0.62
-3.759999999999484e-05,-0.62
-3.739999999999484e-05,-0.64
-3.719999999999483e-05,-0.62
-3.699999999999483e-05,-0.62
-3.679999999999482e-05,-0.62
-3.659999999999482e-05,-0.66
-3.639999999999481e-05,-0.64
-3.619999999999481e-05,-0.62
-3.5999999999994804e-05,-0.64
-3.57999999999948e-05,-0.66
-3.5599999999994794e-05,-0.64
-3.539999999999479e-05,-0.66
-3.5199999999994784e-05,-0.66
-3.499999999999478e-05,-0.68
-3.4799999999994774e-05,-0.64
-3.459999999999477e-05,-0.64
-3.4399999999994765e-05,-0.66
-3.419999999999476e-05,-0.7000000000000001
-3.3999999999994755e-05,-0.7000000000000001
-3.379999999999475e-05,-0.68
-3.3599999999994745e-05,-0.7000000000000001
-3.339999999999474e-05,-0.66
-3.3199999999994735e-05,-0.68
-3.299999999999473e-05,-0.7000000000000001
-3.2799999999994726e-05,-0.68
-3.259999999999472e-05,-0.72
-3.2399999999994716e-05,-0.7000000000000001
-3.219999999999471e-05,-0.7000000000000001
-3.1999999999994706e-05,-0.7000000000000001
-3.17999999999947e-05,-0.72
-3.1599999999994697e-05,-0.7000000000000001
-3.139999999999469e-05,-0.72
-3.119999999999469e-05,-0.72
-3.099999999999468e-05,-0.7000000000000001
-3.079999999999468e-05,-0.7000000000000001
-3.059999999999467e-05,-0.7000000000000001
-3.0399999999994667e-05,-0.7000000000000001
-3.0199999999994663e-05,-0.7000000000000001
-2.9999999999994658e-05,-0.7000000000000001
-2.9799999999994653e-05,-0.72
-2.9599999999994648e-05,-0.7000000000000001
-2.9399999999994643e-05,-0.72
-2.9199999999994638e-05,-0.72
-2.8999999999994633e-05,-0.7000000000000001
-2.879999999999463e-05,-0.7000000000000001
-2.8599999999994624e-05,-0.72
-2.839999999999462e-05,-0.68
-2.8199999999994614e-05,-0.7000000000000001
-2.799999999999461e-05,-0.7000000000000001
-2.7799999999994604e-05,-0.7000000000000001
-2.75999999999946e-05,-0.7000000000000001
-2.7399999999994594e-05,-0.72
-2.719999999999459e-05,-0.68
-2.6999999999994585e-05,-0.7000000000000001
-2.679999999999458e-05,-0.74
-2.6599999999994575e-05,-0.7000000000000001
-2.639999999999457e-05,-0.68
-2.6199999999994565e-05,-0.7000000000000001
-2.599999999999456e-05,-0.7000000000000001
-2.5799999999994556e-05,-0.72
-2.559999999999455e-05,-0.7000000000000001
-2.5399999999994546e-05,-0.7000000000000001
-2.519999999999454e-05,-0.68
-2.4999999999994536e-05,-0.68
-2.479999999999453e-05,-0.68
-2.4599999999994526e-05,-0.7000000000000001
-2.439999999999452e-05,-0.68
-2.4199999999994517e-05,-0.68
-2.3999999999994512e-05,-0.66
-2.3799999999994507e-05,-0.66
-2.3599999999994502e-05,-0.66
-2.3399999999994497e-05,-0.68
-2.3199999999994492e-05,-0.66
-2.2999999999994488e-05,-0.68
-2.2799999999994483e-05,-0.62
-2.2599999999994478e-05,-0.66
-2.2399999999994473e-05,-0.64
-2.2199999999994468e-05,-0.64
-2.1999999999994463e-05,-0.66
-2.179999999999446e-05,-0.64
-2.1599999999994453e-05,-0.64
-2.139999999999445e-05,-0.64
-2.1199999999994444e-05,-0.64
-2.099999999999444e-05,-0.62
-2.0799999999994434e-05,-0.6
-2.059999999999443e-05,-0.64
-2.0399999999994424e-05,-0.58
-2.019999999999442e-05,-0.6
-1.9999999999994415e-05,-0.6
-1.979999999999441e-05,-0.56
-1.9599999999994405e-05,-0.58
-1.93999999999944e-05,-0.56
-1.9199999999994395e-05,-0.58
-1.899999999999439e-05,-0.54
-1.8799999999994385e-05,-0.54
-1.859999999999438e-05,-0.54
-1.8399999999994376e-05,-0.56
-1.819999999999437e-05,-0.54
-1.7999999999994366e-05,-0.56
-1.779999999999436e-05,-0.5
-1.7599999999994356e-05,-0.5
-1.739999999999435e-05,-0.5
-1.7199999999994347e-05,-0.48
-1.699999999999434e-05,-0.5
-1.6799999999994337e-05,-0.48
-1.6599999999994332e-05,-0.48
-1.6399999999994327e-05,-0.5
-1.6199999999994322e-05,-0.46
-1.5999999999994317e-05,-0.46
-1.5799999999994313e-05,-0.44
-1.5599999999994308e-05,-0.44
-1.5399999999994303e-05,-0.44
-1.5199999999994298e-05,-0.44
-1.4999999999994293e-05,-0.42
-1.4799999999994288e-05,-0.44
-1.4599999999994283e-05,-0.46
-1.4399999999994278e-05,-0.42
-1.4199999999994274e-05,-0.38
-1.3999999999994269e-05,-0.4
-1.3799999999994264e-05,-0.4
-1.3599999999994259e-05,-0.36
-1.3399999999994254e-05,-0.36
-1.319999999999425e-05,-0.36
-1.2999999999994244e-05,-0.38
-1.279999999999424e-05,-0.34
-1.2599999999994235e-05,-0.36
-1.239999999999423e-05,-0.32
-1.2199999999994225e-05,-0.34
-1.199999999999422e-05,-0.3
-1.1799999999994215e-05,-0.3
-1.159999999999421e-05,-0.32
-1.1399999999994206e-05,-0.32
-1.11999999999942e-05,-0.3
-1.0999999999994196e-05,-0.3
-1.0799999999994191e-05,-0.26
-1.0599999999994186e-05,-0.26
-1.0399999999994181e-05,-0.26
-1.0199999999994176e-05,-0.22
-9.999999999994172e-06,-0.24
-9.799999999994167e-06,-0.2
-9.599999999994162e-06,-0.2
-9.399999999994157e-06,-0.18
-9.199999999994152e-06,-0.18
-8.999999999994147e-06,-0.18
-8.799999999994142e-06,-0.18
-8.599999999994138e-06,-0.18
-8.399999999994133e-06,-0.2
-8.199999999994128e-06,-0.16
-7.999999999994123e-06,-0.14
-7.799999999994118e-06,-0.16
-7.599999999994113e-06,-0.12
-7.399999999994108e-06,-0.1
-7.1999999999941035e-06,-0.1
-6.999999999994099e-06,-0.1
-6.799999999994094e-06,-0.1
-6.599999999994089e-06,-0.1
-6.399999999994084e-06,-0.12
-6.199999999994079e-06,-0.06
-5.999999999994074e-06,-0.08
-5.7999999999940694e-06,-0.06
-5.599999999994065e-06,-0.02
-5.39999999999406e-06,-0.02
-5.199999999994055e-06,-0.02
-4.99999999999405e-06,-0.04
-4.799999999994045e-06,0.0
-4.59999999999404e-06,0.0
-4.399999999994035e-06,0.04
-4.1999999999940306e-06,0.0
-3.999999999994026e-06,0.04
-3.799999999994021e-06,0.02
-3.599999999994016e-06,0.04
-3.399999999994011e-06,0.04
-3.1999999999940063e-06,0.06
-2.9999999999940014e-06,0.06
-2.7999999999939965e-06,0.08
-2.5999999999939917e-06,0.12
-2.399999999993987e-06,0.08
-2.199999999993982e-06,0.1
-1.999999999993977e-06,0.1
-1.7999999999939722e-06,0.14
-1.5999999999939674e-06,0.12
-1.3999999999939625e-06,0.16
-1.1999999999939576e-06,0.14
-9.999999999939528e-07,0.18
-7.999999999939479e-07,0.18
-5.99999999993943e-07,0.18
-3.999999999939382e-07,0.18
-1.9999999999393333e-07,0.2
6.071532165918825e-18,0.2
2.000000000060764e-07,0.22
4.0000000000608125e-07,0.2
6.000000000060861e-07,0.22
8.00000000006091e-07,0.24
1.0000000000060958e-06,0.24
1.2000000000061007e-06,0.26
1.4000000000061056e-06,0.24
1.6000000000061104e-06,0.26
1.8000000000061153e-06,0.28
2.00000000000612e-06,0.28
2.200000000006125e-06,0.3
2.40000000000613e-06,0.3
2.6000000000061347e-06,0.32
2.8000000000061396e-06,0.32
3.0000000000061445e-06,0.34
3.2000000000061493e-06,0.32
3.400000000006154e-06,0.36
3.600000000006159e-06,0.34
3.800000000006164e-06,0.36
4.000000000006169e-06,0.38
4.200000000006174e-06,0.4
4.4000000000061785e-06,0.38
4.600000000006183e-06,0.4
4.800000000006188e-06,0.4
5.000000000006193e-06,0.42
5.200000000006198e-06,0.42
5.400000000006203e-06,0.42
5.600000000006208e-06,0.42
5.8000000000062125e-06,0.44
6.000000000006217e-06,0.44
6.200000000006222e-06,0.46
6.400000000006227e-06,0.46
6.600000000006232e-06,0.46
6.800000000006237e-06,0.48
7.000000000006242e-06,0.48
7.2000000000062465e-06,0.48
7.400000000006251e-06,0.5
7.600000000006256e-06,0.5
7.800000000006261e-06,0.5
8.000000000006266e-06,0.5
8.200000000006271e-06,0.54
8.400000000006276e-06,0.52
8.60000000000628e-06,0.52
8.800000000006285e-06,0.54
9.00000000000629e-06,0.52
9.200000000006295e-06,0.58
9.4000000000063e-06,0.58
9.600000000006305e-06,0.56
9.80000000000631e-06,0.56
1.0000000000006315e-05,0.58
1.020000000000632e-05,0.58
1.0400000000006324e-05,0.58
1.060000000000633e-05,0.62
1.0800000000006334e-05,0.6
1.1000000000006339e-05,0.58
1.1200000000006344e-05,0.6
1.1400000000006349e-05,0.6
1.1600000000006353e-05,0.6
1.1800000000006358e-05,0.64
1.2000000000006363e-05,0.64
1.2200000000006368e-05,0.64
1.2400000000006373e-05,0.66
1.2600000000006378e-05,0.62
1.2800000000006383e-05,0.64
1.3000000000006388e-05,0.64
1.3200000000006392e-05,0.64
1.3400000000006397e-05,0.64
1.3600000000006402e-05,0.66
1.3800000000006407e-05,0.64
1.4000000000006412e-05,0.66
1.4200000000006417e-05,0.68
1.4400000000006422e-05,0.66
1.4600000000006426e-05,0.64
1.4800000000006431e-05,0.68
1.5000000000006436e-05,0.7000000000000001
1.5200000000006441e-05,0.7000000000000001
1.5400000000006446e-05,0.7000000000000001
1.560000000000645e-05,0.7000000000000001
1.5800000000006456e-05,0.68
1.600000000000646e-05,0.7000000000000001
1.6200000000006465e-05,0.7000000000000001
1.640000000000647e-05,0.68
1.6600000000006475e-05,0.7000000000000001
1.680000000000648e-05,0.7000000000000001
1.7000000000006485e-05,0.72
1.720000000000649e-05,0.7000000000000001
1.7400000000006494e-05,0.68
1.76000000000065e-05,0.72
1.7800000000006504e-05,0.7000000000000001
1.800000000000651e-05,0.72
1.8200000000006514e-05,0.7000000000000001
1.840000000000652e-05,0.72
1.8600000000006524e-05,0.72
1.880000000000653e-05,0.72
1.9000000000006533e-05,0.72
1.9200000000006538e-05,0.74
1.9400000000006543e-05,0.74
1.9600000000006548e-05,0.74
1.9800000000006553e-05,0.72
2.0000000000006558e-05,0.7000000000000001
2.0200000000006563e-05,0.74
2.0400000000006567e-05,0.7000000000000001
2.0600000000006572e-05,0.74
2.0800000000006577e-05,0.72
2.1000000000006582e-05,0.72
2.1200000000006587e-05,0.74
2.1400000000006592e-05,0.76
2.1600000000006597e-05,0.72
2.18000000000066e-05,0.72
2.2000000000006606e-05,0.74
2.220000000000661e-05,0.7000000000000001
2.2400000000006616e-05,0.72
2.260000000000662e-05,0.72
2.2800000000006626e-05,0.72
2.300000000000663e-05,0.7000000000000001
2.3200000000006635e-05,0.72
2.340000000000664e-05,0.7000000000000001
2.3600000000006645e-05,0.7000000000000001
2.380000000000665e-05,0.74
2.4000000000006655e-05,0.7000000000000001
2.420000000000666e-05,0.68
2.4400000000006665e-05,0.7000000000000001
2.460000000000667e-05,0.7000000000000001
2.4800000000006674e-05,0.66
2.500000000000668e-05,0.7000000000000001
2.5200000000006684e-05,0.68
2.540000000000669e-05,0.68
2.5600000000006694e-05,0.68
2.58000000000067e-05,0.68
2.6000000000006704e-05,0.68
2.620000000000671e-05,0.7000000000000001
2.6400000000006713e-05,0.68
2.6600000000006718e-05,0.66
2.6800000000006723e-05,0.68
2.7000000000006728e-05,0.68
2.7200000000006733e-05,0.66
2.7400000000006738e-05,0.68
2.7600000000006742e-05,0.66
2.7800000000006747e-05,0.64
2.8000000000006752e-05,0.64
2.8200000000006757e-05,0.66
2.8400000000006762e-05,0.64
2.8600000000006767e-05,0.64
2.880000000000677e-05,0.64
2.9000000000006776e-05,0.64
2.920000000000678e-05,0.62
2.9400000000006786e-05,0.66
2.960000000000679e-05,0.6
2.9800000000006796e-05,0.62
3.00000000000068e-05,0.6
3.0200000000006806e-05,0.62
3.040000000000681e-05,0.6
3.0600000000006815e-05,0.58
3.080000000000682e-05,0.6
3.1000000000006825e-05,0.58
3.120000000000683e-05,0.58
3.1400000000006835e-05,0.56
3.160000000000684e-05,0.54
3.1800000000006844e-05,0.56
3.200000000000685e-05,0.52
3.2200000000006854e-05,0.54
3.240000000000686e-05,0.52
3.2600000000006864e-05,0.5
3.280000000000687e-05,0.5
3.3000000000006874e-05,0.52
3.320000000000688e-05,0.48
3.340000000000688e-05,0.48
3.360000000000689e-05,0.46
3.380000000000689e-05,0.48
3.40000000000069e-05,0.48
3.42000000000069e-05,0.48
3.440000000000691e-05,0.48
3.460000000000691e-05,0.46
3.480000000000692e-05,0.46
3.500000000000692e-05,0.42
3.520000000000693e-05,0.44
3.540000000000693e-05,0.44
3.560000000000694e-05,0.42
3.580000000000694e-05,0.42
3.6000000000006947e-05,0.4
3.620000000000695e-05,0.4
3.6400000000006956e-05,0.42
3.660000000000696e-05,0.38
3.6800000000006966e-05,0.38
3.700000000000697e-05,0.36
3.7200000000006976e-05,0.38
3.740000000000698e-05,0.36
3.7600000000006985e-05,0.32
3.780000000000699e-05,0.32
3.8000000000006995e-05,0.32
3.8200000000007e-05,0.32
3.8400000000007005e-05,0.34
3.860000000000701e-05,0.28
3.8800000000007015e-05,0.3
3.900000000000702e-05,0.3
3.9200000000007024e-05,0.28
3.940000000000703e-05,0.28
3.9600000000007034e-05,0.26
3.980000000000704e-05,0.26
4.0000000000007044e-05,0.24
4.020000000000705e-05,0.22
4.0400000000007054e-05,0.2
4.060000000000706e-05,0.22
4.080000000000706e-05,0.2
4.100000000000707e-05,0.2
4.120000000000707e-05,0.2
4.140000000000708e-05,0.16
4.160000000000708e-05,0.18
4.180000000000709e-05,0.18
4.200000000000709e-05,0.16
4.22000000000071e-05,0.16
4.24000000000071e-05,0.16
4.260000000000711e-05,0.16
4.280000000000711e-05,0.12
4.300000000000712e-05,0.12
4.320000000000712e-05,0.14
4.3400000000007126e-05,0.08
4.360000000000713e-05,0.08
4.3800000000007136e-05,0.08
4.400000000000714e-05,0.04
4.4200000000007146e-05,0.04
4.440000000000715e-05,0.06
4.4600000000007156e-05,0.04
4.480000000000716e-05,0.02
4.5000000000007165e-05,0.02
4.520000000000717e-05,0.02
4.5400000000007175e-05,0.02
4.560000000000718e-05,0.02
4.5800000000007185e-05,0.0
4.600000000000719e-05,0.0
4.6200000000007195e-05,-0.02
4.64000000000072e-05,-0.04
4.6600000000007204e-05,-0.02
4.680000000000721e-05,-0.06
4.7000000000007214e-05,-0.02
4.720000000000722e-05,-0.06
4.7400000000007224e-05,-0.06
4.760000000000723e-05,-0.1
4.7800000000007233e-05,-0.12
4.800000000000724e-05,-0.12
4.820000000000724e-05,-0.12
4.840000000000725e-05,-0.1
4.860000000000725e-05,-0.12
4.880000000000726e-05,-0.14
4.900000000000726e-05,-0.14
4.920000000000727e-05,-0.12
4.940000000000727e-05,-0.14
4.960000000000728e-05,-0.18
4.980000000000728e-05,-0.16
5.000000000000729e-05,-0.2
5.020000000000729e-05,-0.16
5.0400000000007297e-05,-0.2
5.06000000000073e-05,-0.2
5.0800000000007306e-05,-0.22
5.100000000000731e-05,-0.24
5.1200000000007316e-05,-0.22
5.140000000000732e-05,-0.22
5.1600000000007326e-05,-0.24
5.180000000000733e-05,-0.26
5.2000000000007335e-05,-0.26
5.220000000000734e-05,-0.26
5.2400000000007345e-05,-0.28
5.260000000000735e-05,-0.28
5.2800000000007355e-05,-0.3
5.300000000000736e-05,-0.32
5.3200000000007365e-05,-0.32
5.340000000000737e-05,-0.32
5.3600000000007374e-05,-0.36
5.380000000000738e-05,-0.34
5.4000000000007384e-05,-0.32
5.420000000000739e-05,-0.36
5.4400000000007394e-05,-0.36
5.46000000000074e-05,-0.36
5.4800000000007404e-05,-0.38
5.500000000000741e-05,-0.38
5.520000000000741e-05,-0.4
5.540000000000742e-05,-0.4
5.560000000000742e-05,-0.42
5.580000000000743e-05,-0.42
5.600000000000743e-05,-0.42
5.620000000000744e-05,-0.44
5.640000000000744e-05,-0.44
5.660000000000745e-05,-0.46
5.680000000000745e-05,-0.44
5.700000000000746e-05,-0.48
5.720000000000746e-05,-0.44
5.740000000000747e-05,-0.48
5.760000000000747e-05,-0.48
5.7800000000007476e-05,-0.48
5.800000000000748e-05,-0.48
5.8200000000007486e-05,-0.48
5.840000000000749e-05,-0.5
5.8600000000007496e-05,-0.52
5.88000000000075e-05,-0.54
5.9000000000007506e-05,-0.52
5.920000000000751e-05,-0.54
5.9400000000007515e-05,-0.54
5.960000000000752e-05,-0.56
5.9800000000007525e-05,-0.58
6.000000000000753e-05,-0.62
6.0200000000007535e-05,-0.56
6.040000000000754e-05,-0.56
6.0600000000007545e-05,-0.6
6.080000000000755e-05,-0.56
6.1000000000007554e-05,-0.56
6.120000000000756e-05,-0.56
6.140000000000756e-05,-0.56
6.160000000000757e-05,-0.58
6.180000000000757e-05,-0.62
6.200000000000758e-05,-0.6
6.220000000000758e-05,-0.6
6.240000000000759e-05,-0.64
6.260000000000759e-05,-0.62
6.28000000000076e-05,-0.62
6.30000000000076e-05,-0.64
6.320000000000761e-05,-0.64
6.340000000000761e-05,-0.62
6.360000000000762e-05,-0.64
6.380000000000762e-05,-0.62
6.400000000000763e-05,-0.66
6.420000000000763e-05,-0.64
6.440000000000764e-05,-0.68
6.460000000000764e-05,-0.66
6.480000000000765e-05,-0.68
6.500000000000765e-05,-0.68
6.520000000000766e-05,-0.7000000000000001
6.540000000000766e-05,-0.64
6.560000000000767e-05,-0.68
6.580000000000767e-05,-0.68
6.600000000000768e-05,-0.68
6.620000000000768e-05,-0.68
6.640000000000769e-05,-0.72
6.660000000000769e-05,-0.7000000000000001
6.68000000000077e-05,-0.68
6.70000000000077e-05,-0.68
6.72000000000077e-05,-0.7000000000000001
6.740000000000771e-05,-0.72
6.760000000000771e-05,-0.68
6.780000000000772e-05,-0.68
6.800000000000772e-05,-0.7000000000000001
6.820000000000773e-05,-0.7000000000000001
6.840000000000773e-05,-0.7000000000000001
6.860000000000774e-05,-0.7000000000000001
6.880000000000774e-05,-0.72
6.900000000000775e-05,-0.7000000000000001
6.920000000000775e-05,-0.7000000000000001
6.940000000000776e-05,-0.72
6.960000000000776e-05,-0.7000000000000001
6.980000000000777e-05,-0.7000000000000001
7.000000000000777e-05,-0.7000000000000001
7.020000000000778e-05,-0.72
7.040000000000778e-05,-0.72
7.060000000000779e-05,-0.72
7.080000000000779e-05,-0.72
7.10000000000078e-05,-0.72
7.12000000000078e-05,-0.7000000000000001
7.140000000000781e-05,-0.7000000000000001
7.160000000000781e-05,-0.72
7.180000000000782e-05,-0.72
7.200000000000782e-05,-0.7000000000000001
7.220000000000783e-05,-0.72
7.240000000000783e-05,-0.68
7.260000000000784e-05,-0.74
7.280000000000784e-05,-0.74
7.300000000000785e-05,-0.7000000000000001
7.320000000000785e-05,-0.74
7.340000000000786e-05,-0.72
7.360000000000786e-05,-0.72
7.380000000000787e-05,-0.7000000000000001
7.400000000000787e-05,-0.7000000000000001
7.420000000000788e-05,-0.7000000000000001
7.440000000000788e-05,-0.7000000000000001
7.460000000000788e-05,-0.72
7.480000000000789e-05,-0.68
7.50000000000079e-05,-0.72
7.52000000000079e-05,-0.66
7.54000000000079e-05,-0.64
7.560000000000791e-05,-0.66
7.580000000000791e-05,-0.68
7.600000000000792e-05,-0.66
7.620000000000792e-05,-0.66
7.640000000000793e-05,-0.66
7.660000000000793e-05,-0.68
7.680000000000794e-05,-0.66
7.700000000000794e-05,-0.66
7.720000000000795e-05,-0.64
7.740000000000795e-05,-0.64
7.760000000000796e-05,-0.66
7.780000000000796e-05,-0.66
7.800000000000797e-05,-0.66
7.820000000000797e-05,-0.66
7.840000000000798e-05,-0.62
7.860000000000798e-05,-0.6
7.880000000000799e-05,-0.64
7.900000000000799e-05,-0.62
7.9200000000008e-05,-0.64
7.9400000000008e-05,-0.62
7.9600000000008e-05,-0.6
7.980000000000801e-05,-0.62
8.000000000000802e-05,-0.6
8.020000000000802e-05,-0.58
8.040000000000803e-05,-0.58
8.060000000000803e-05,-0.58
8.080000000000804e-05,-0.58
8.100000000000804e-05,-0.56
8.120000000000805e-05,-0.56
8.140000000000805e-05,-0.54
8.160000000000805e-05,-0.56
8.180000000000806e-05,-0.54
8.200000000000806e-05,-0.52
8.220000000000807e-05,-0.5
8.240000000000807e-05,-0.5
8.260000000000808e-05,-0.52
8.280000000000808e-05,-0.52
8.300000000000809e-05,-0.54
8.32000000000081e-05,-0.5
8.34000000000081e-05,-0.48
8.36000000000081e-05,-0.5
8.380000000000811e-05,-0.48
8.400000000000811e-05,-0.44
8.420000000000812e-05,-0.46
8.440000000000812e-05,-0.44
8.460000000000813e-05,-0.46
8.480000000000813e-05,-0.44
8.500000000000814e-05,-0.46
8.520000000000814e-05,-0.46
8.540000000000815e-05,-0.42
8.560000000000815e-05,-0.4
8.580000000000816e-05,-0.4
8.600000000000816e-05,-0.4
8.620000000000817e-05,-0.4
8.640000000000817e-05,-0.38
8.660000000000818e-05,-0.38
8.680000000000818e-05,-0.36
8.700000000000819e-05,-0.36
8.720000000000819e-05,-0.34
8.74000000000082e-05,-0.34
8.76000000000082e-05,-0.34
8.78000000000082e-05,-0.32
8.800000000000821e-05,-0.32
8.820000000000822e-05,-0.34
8.840000000000822e-05,-0.3
8.860000000000823e-05,-0.3
8.880000000000823e-05,-0.3
8.900000000000823e-05,-0.3
8.920000000000824e-05,-0.28
8.940000000000824e-05,-0.26
8.960000000000825e-05,-0.26
8.980000000000825e-05,-0.26
9.000000000000826e-05,-0.24
9.020000000000826e-05,-0.24
9.040000000000827e-05,-0.22
9.060000000000827e-05,-0.22
9.080000000000828e-05,-0.2
9.100000000000828e-05,-0.18
9.120000000000829e-05,-0.18
9.140000000000829e-05,-0.18
9.16000000000083e-05,-0.14
9.18000000000083e-05,-0.16
9.200000000000831e-05,-0.14
9.220000000000831e-05,-0.14
9.240000000000832e-05,-0.16
9.260000000000832e-05,-0.16
9.280000000000833e-05,-0.12
9.300000000000833e-05,-0.12
9.320000000000834e-05,-0.08
9.340000000000834e-05,-0.1
9.360000000000835e-05,-0.06
9.380000000000835e-05,-0.08
9.400000000000836e-05,-0.08
9.420000000000836e-05,-0.08
9.440000000000837e-05,-0.04
9.460000000000837e-05,-0.02
9.480000000000838e-05,-0.04
9.500000000000838e-05,-0.04
9.520000000000839e-05,-0.04
9.540000000000839e-05,0.02
9.56000000000084e-05,0.0
9.58000000000084e-05,0.0
9.60000000000084e-05,0.02
9.620000000000841e-05,0.0
9.640000000000841e-05,0.04
9.660000000000842e-05,0.06
9.680000000000842e-05,0.06
9.700000000000843e-05,0.06
9.720000000000843e-05,0.06
9.740000000000844e-05,0.06
9.760000000000844e-05,0.1
9.780000000000845e-05,0.1
9.800000000000845e-05,0.1
9.820000000000846e-05,0.12
9.840000000000846e-05,0.12
9.860000000000847e-05,0.14
9.880000000000847e-05,0.14
9.900000000000848e-05,0.16
9.920000000000848e-05,0.18
9.940000000000849e-05,0.18
9.960000000000849e-05,0.18
9.98000000000085e-05,0.18
0.0001000000000000085,0.2
0.00010020000000000851,0.2
0.00010040000000000851,0.22
0.00010060000000000852,0.24
0.00010080000000000852,0.2
0.00010100000000000853,0.24
0.00010120000000000853,0.24
0.00010140000000000854,0.24
0.00010160000000000854,0.28
0.00010180000000000855,0.28
0.00010200000000000855,0.3
0.00010220000000000856,0.3
0.00010240000000000856,0.3
0.00010260000000000857,0.28
0.00010280000000000857,0.28
0.00010300000000000858,0.34
0.00010320000000000858,0.32
0.00010340000000000858,0.32
0.00010360000000000859,0.34
0.0001038000000000086,0.38
0.0001040000000000086,0.36
0.0001042000000000086,0.36
0.00010440000000000861,0.36
0.00010460000000000861,0.38
0.00010480000000000862,0.38
0.00010500000000000862,0.4
0.00010520000000000863,0.44
0.00010540000000000863,0.44
0.00010560000000000864,0.42
0.00010580000000000864,0.42
0.00010600000000000865,0.44
0.00010620000000000865,0.44
0.00010640000000000866,0.48
0.00010660000000000866,0.46
0.00010680000000000867,0.46
0.00010700000000000867,0.48
0.00010720000000000868,0.48
0.00010740000000000868,0.5
0.00010760000000000869,0.5
0.00010780000000000869,0.5
0.0001080000000000087,0.5
0.0001082000000000087,0.52
0.0001084000000000087,0.56
0.00010860000000000871,0.54
0.00010880000000000872,0.54
0.00010900000000000872,0.54
0.00010920000000000873,0.54
0.00010940000000000873,0.56
0.00010960000000000874,0.6
0.00010980000000000874,0.58
0.00011000000000000875,0.56
0.00011020000000000875,0.56
0.00011040000000000876,0.6
0.00011060000000000876,0.58
0.00011080000000000876,0.62
0.00011100000000000877,0.58
0.00011120000000000877,0.6
0.00011140000000000878,0.62
0.00011160000000000878,0.62
0.00011180000000000879,0.64
0.0001120000000000088,0.64
0.0001122000000000088,0.64
0.0001124000000000088,0.64
0.00011260000000000881,0.64
0.00011280000000000881,0.64
0.00011300000000000882,0.64
0.00011320000000000882,0.6
0.00011340000000000883,0.68
0.00011360000000000883,0.64
0.00011380000000000884,0.62
0.00011400000000000884,0.66
0.00011420000000000885,0.62
0.00011440000000000885,0.7000000000000001
0.00011460000000000886,0.68
0.00011480000000000886,0.68
0.00011500000000000887,0.7000000000000001
0.00011520000000000887,0.66
0.00011540000000000888,0.66
0.00011560000000000888,0.7000000000000001
0.00011580000000000889,0.68
0.00011600000000000889,0.66
0.0001162000000000089,0.7000000000000001
0.0001164000000000089,0.7000000000000001
0.0001166000000000089,0.68
0.00011680000000000891,0.7000000000000001
0.00011700000000000892,0.72
0.00011720000000000892,0.7000000000000001
0.00011740000000000893,0.72
0.00011760000000000893,0.72
0.00011780000000000893,0.7000000000000001
0.00011800000000000894,0.72
0.00011820000000000894,0.72
0.00011840000000000895,0.72
0.00011860000000000895,0.72
0.00011880000000000896,0.72
0.00011900000000000896,0.72
0.00011920000000000897,0.72
0.00011940000000000897,0.74
0.00011960000000000898,0.72
0.00011980000000000898,0.72
0.00012000000000000899,0.72
0.000120200000000009,0.74
0.000120400000000009,0.74
0.000120600000000009,0.74
0.00012080000000000901,0.72
0.00012100000000000901,0.72
0.00012120000000000902,0.72
0.00012140000000000902,0.72
0.00012160000000000903,0.74
0.00012180000000000903,0.72
0.00012200000000000904,0.7000000000000001
0.00012220000000000904,0.72
0.00012240000000000905,0.72
0.00012260000000000905,0.74
0.00012280000000000906,0.7000000000000001
0.00012300000000000906,0.74
0.00012320000000000907,0.7000000000000001
0.00012340000000000907,0.7000000000000001
0.00012360000000000908,0.72
0.00012380000000000908,0.7000000000000001
0.00012400000000000909,0.72
0.0001242000000000091,0.68
0.0001244000000000091,0.7000000000000001
0.0001246000000000091,0.7000000000000001
0.0001248000000000091,0.72
0.0001250000000000091,0.72
0.00012520000000000911,0.7000000000000001
0.00012540000000000912,0.72
0.00012560000000000912,0.7000000000000001
0.00012580000000000913,0.72
0.00012600000000000913,0.7000000000000001
0.00012620000000000914,0.68
0.00012640000000000914,0.68
0.00012660000000000915,0.68
0.00012680000000000915,0.66
0.00012700000000000916,0.66
0.00012720000000000916,0.66
0.00012740000000000917,0.66
0.00012760000000000917,0.64
0.00012780000000000918,0.68
0.00012800000000000918,0.64
0.0001282000000000092,0.66
0.0001284000000000092,0.64
0.0001286000000000092,0.64
0.0001288000000000092,0.64
0.0001290000000000092,0.62
0.0001292000000000092,0.62
0.00012940000000000922,0.64
0.00012960000000000922,0.62
0.00012980000000000923,0.64
0.00013000000000000923,0.62
0.00013020000000000924,0.62
0.00013040000000000924,0.62
0.00013060000000000925,0.6
0.00013080000000000925,0.56
0.00013100000000000926,0.6
0.00013120000000000926,0.58
0.00013140000000000927,0.58
0.00013160000000000927,0.56
0.00013180000000000928,0.58
0.00013200000000000928,0.52
0.00013220000000000928,0.52
0.0001324000000000093,0.52
0.0001326000000000093,0.52
0.0001328000000000093,0.52
0.0001330000000000093,0.52
0.0001332000000000093,0.52
0.00013340000000000931,0.5
0.00013360000000000932,0.5
0.00013380000000000932,0.52
0.00013400000000000933,0.48
0.00013420000000000933,0.48
0.00013440000000000934,0.44
0.00013460000000000934,0.44
0.00013480000000000935,0.46
0.00013500000000000935,0.46
0.00013520000000000936,0.44
0.00013540000000000936,0.44
0.00013560000000000937,0.42
0.00013580000000000937,0.4
0.00013600000000000938,0.4
0.00013620000000000938,0.4
0.0001364000000000094,0.4
0.0001366000000000094,0.38
0.0001368000000000094,0.38
0.0001370000000000094,0.36
0.0001372000000000094,0.36
0.0001374000000000094,0.38
0.00013760000000000942,0.36
0.00013780000000000942,0.34
0.00013800000000000943,0.34
0.00013820000000000943,0.34
0.00013840000000000944,0.34
0.00013860000000000944,0.32
0.00013880000000000945,0.3
0.00013900000000000945,0.3
0.00013920000000000946,0.24
0.00013940000000000946,0.24
0.00013960000000000946,0.28
0.00013980000000000947,0.3
0.00014000000000000947,0.24
0.00014020000000000948,0.26
0.00014040000000000948,0.26
0.0001406000000000095,0.24
0.0001408000000000095,0.24
0.0001410000000000095,0.22
0.0001412000000000095,0.2
0.0001414000000000095,0.22
0.0001416000000000095,0.2
0.00014180000000000952,0.2
0.00014200000000000952,0.2
0.00014220000000000953,0.16
0.00014240000000000953,0.12
0.00014260000000000954,0.16
0.00014280000000000954,0.14
0.00014300000000000955,0.12
0.00014320000000000955,0.14
0.00014340000000000956,0.1
0.00014360000000000956,0.1
0.00014380000000000957,0.06
0.00014400000000000957,0.1
0.00014420000000000958,0.08
0.00014440000000000958,0.08
0.00014460000000000959,0.04
0.0001448000000000096,0.04
0.0001450000000000096,0.04
0.0001452000000000096,0.02
0.0001454000000000096,0.0
0.0001456000000000096,0.0
0.00014580000000000962,0.0
0.00014600000000000962,-0.02
0.00014620000000000963,-0.02
0.00014640000000000963,-0.04
0.00014660000000000963,-0.04
0.00014680000000000964,-0.06
0.00014700000000000964,-0.06
0.00014720000000000965,-0.08
0.00014740000000000965,-0.06
0.00014760000000000966,-0.06
0.00014780000000000966,-0.1
0.00014800000000000967,-0.08
0.00014820000000000967,-0.1
0.00014840000000000968,-0.12
0.00014860000000000968,-0.12
0.0001488000000000097,-0.1
0.0001490000000000097,-0.14
0.0001492000000000097,-0.12
0.0001494000000000097,-0.14
0.0001496000000000097,-0.16
0.0001498000000000097,-0.18
0.00015000000000000972,-0.18
0.00015020000000000972,-0.18
0.00015040000000000973,-0.22
0.00015060000000000973,-0.22
0.00015080000000000974,-0.2
0.00015100000000000974,-0.24
0.00015120000000000975,-0.24
0.00015140000000000975,-0.24
0.00015160000000000976,-0.26
0.00015180000000000976,-0.26
0.00015200000000000977,-0.28
0.00015220000000000977,-0.26
0.00015240000000000978,-0.28
0.00015260000000000978,-0.28
0.00015280000000000979,-0.3
0.0001530000000000098,-0.3
0.0001532000000000098,-0.32
0.0001534000000000098,-0.36
0.0001536000000000098,-0.36
0.0001538000000000098,-0.32
0.00015400000000000981,-0.36
0.00015420000000000982,-0.36
0.00015440000000000982,-0.36
0.00015460000000000983,-0.38
0.00015480000000000983,-0.4
0.00015500000000000984,-0.42
0.00015520000000000984,-0.4
0.00015540000000000985,-0.4
0.00015560000000000985,-0.44
0.00015580000000000986,-0.42
0.00015600000000000986,-0.44
0.00015620000000000987,-0.46
0.00015640000000000987,-0.42
0.00015660000000000988,-0.42
0.00015680000000000988,-0.46
0.0001570000000000099,-0.44
0.0001572000000000099,-0.46
0.0001574000000000099,-0.46
0.0001576000000000099,-0.48
0.0001578000000000099,-0.5
0.0001580000000000099,-0.5
0.00015820000000000992,-0.5
0.00015840000000000992,-0.5
0.00015860000000000993,-0.5
0.00015880000000000993,-0.52
0.00015900000000000994,-0.5
0.00015920000000000994,-0.54
0.00015940000000000995,-0.54
0.00015960000000000995,-0.52
0.00015980000000000996,-0.56
0.00016000000000000996,-0.56
0.00016020000000000997,-0.56
0.00016040000000000997,-0.56
0.00016060000000000998,-0.58
0.00016080000000000998,-0.58
0.00016100000000000998,-0.6
0.00016120000000001,-0.6
0.00016140000000001,-0.58
0.00016160000000001,-0.58
0.00016180000000001,-0.6
0.00016200000000001,-0.6
0.00016220000000001001,-0.64
0.00016240000000001002,-0.6
0.00016260000000001002,-0.62
0.00016280000000001003,-0.62
0.00016300000000001003,-0.64
0.00016320000000001004,-0.62
0.00016340000000001004,-0.62
0.00016360000000001005,-0.64
0.00016380000000001005,-0.64
0.00016400000000001006,-0.64
0.00016420000000001006,-0.66
0.00016440000000001007,-0.68
0.00016460000000001007,-0.64
0.00016480000000001008,-0.66
0.00016500000000001008,-0.66
0.0001652000000000101,-0.66
0.0001654000000000101,-0.68
0.0001656000000000101,-0.66
0.0001658000000000101,-0.66
0.0001660000000000101,-0.68
0.0001662000000000101,-0.68
0.00016640000000001012,-0.68
0.00016660000000001012,-0.68
0.00016680000000001013,-0.7000000000000001
0.00016700000000001013,-0.7000000000000001
0.00016720000000001014,-0.7000000000000001
0.00016740000000001014,-0.7000000000000001
0.00016760000000001015,-0.72
0.00016780000000001015,-0.66
0.00016800000000001016,-0.7000000000000001
0.00016820000000001016,-0.7000000000000001
0.00016840000000001016,-0.7000000000000001
0.00016860000000001017,-0.7000000000000001
0.00016880000000001017,-0.68
0.00016900000000001018,-0.7000000000000001
0.00016920000000001018,-0.68
0.0001694000000000102,-0.7000000000000001
0.0001696000000000102,-0.68
0.0001698000000000102,-0.7000000000000001
0.0001700000000000102,-0.72
0.0001702000000000102,-0.74
0.0001704000000000102,-0.68
0.00017060000000001022,-0.68
0.00017080000000001022,-0.72
0.00017100000000001023,-0.7000000000000001
0.00017120000000001023,-0.7000000000000001
0.00017140000000001024,-0.7000000000000001
0.00017160000000001024,-0.7000000000000001
0.00017180000000001025,-0.7000000000000001
0.00017200000000001025,-0.7000000000000001
0.00017220000000001026,-0.72
0.00017240000000001026,-0.68
0.00017260000000001027,-0.7000000000000001
0.00017280000000001027,-0.68
0.00017300000000001028,-0.7000000000000001
0.00017320000000001028,-0.68
0.00017340000000001029,-0.72
0.0001736000000000103,-0.7000000000000001
0.0001738000000000103,-0.7000000000000001
0.0001740000000000103,-0.7000000000000001
0.0001742000000000103,-0.7000000000000001
0.0001744000000000103,-0.68
0.00017460000000001032,-0.68
0.00017480000000001032,-0.7000000000000001
0.00017500000000001033,-0.68
0.00017520000000001033,-0.68
0.00017540000000001033,-0.66
0.00017560000000001034,-0.66
0.00017580000000001034,-0.7000000000000001
0.00017600000000001035,-0.68
0.00017620000000001035,-0.7000000000000001
0.00017640000000001036,-0.66
0.00017660000000001036,-0.66
0.00017680000000001037,-0.64
0.00017700000000001037,-0.68
0.00017720000000001038,-0.64
0.00017740000000001038,-0.64
0.0001776000000000104,-0.64
0.0001778000000000104,-0.64
0.0001780000000000104,-0.64
0.0001782000000000104,-0.64
0.0001784000000000104,-0.64
0.0001786000000000104,-0.62
0.00017880000000001042,-0.66
0.00017900000000001042,-0.62
0.00017920000000001043,-0.62
0.00017940000000001043,-0.62
0.00017960000000001044,-0.62
0.00017980000000001044,-0.62
0.00018000000000001045,-0.6
0.00018020000000001045,-0.62
0.00018040000000001046,-0.6
0.00018060000000001046,-0.58
0.00018080000000001047,-0.58
0.00018100000000001047,-0.56
0.00018120000000001048,-0.56
0.00018140000000001048,-0.52
0.00018160000000001049,-0.56
0.0001818000000000105,-0.54
0.0001820000000000105,-0.52
0.0001822000000000105,-0.5
0.0001824000000000105,-0.54
0.0001826000000000105,-0.5
0.00018280000000001051,-0.52
0.00018300000000001052,-0.48
0.00018320000000001052,-0.5
0.00018340000000001053,-0.48
0.00018360000000001053,-0.48
0.00018380000000001054,-0.48
0.00018400000000001054,-0.48
0.00018420000000001055,-0.46
0.00018440000000001055,-0.44
0.00018460000000001056,-0.46
0.00018480000000001056,-0.44
0.00018500000000001057,-0.44
0.00018520000000001057,-0.44
0.00018540000000001058,-0.42
0.00018560000000001058,-0.4
0.0001858000000000106,-0.4
0.0001860000000000106,-0.38
0.0001862000000000106,-0.42
0.0001864000000000106,-0.4
0.0001866000000000106,-0.38
0.0001868000000000106,-0.36
0.00018700000000001062,-0.34
0.00018720000000001062,-0.36
0.00018740000000001063,-0.36
0.00018760000000001063,-0.34
0.00018780000000001064,-0.32
0.00018800000000001064,-0.32
0.00018820000000001065,-0.34
0.00018840000000001065,-0.3
0.00018860000000001066,-0.28
0.00018880000000001066,-0.3
0.00018900000000001067,-0.28
0.00018920000000001067,-0.28
0.00018940000000001068,-0.26
0.00018960000000001068,-0.26
0.00018980000000001068,-0.28
0.0001900000000000107,-0.26
0.0001902000000000107,-0.22
0.0001904000000000107,-0.26
0.0001906000000000107,-0.2
0.0001908000000000107,-0.2
0.00019100000000001071,-0.22
0.00019120000000001072,-0.18
0.00019140000000001072,-0.18
0.00019160000000001073,-0.22
0.00019180000000001073,-0.16
0.00019200000000001074,-0.16
0.00019220000000001074,-0.16
0.00019240000000001075,-0.16
0.00019260000000001075,-0.12
0.00019280000000001076,-0.12
0.00019300000000001076,-0.12
0.00019320000000001077,-0.14
0.00019340000000001077,-0.1
0.00019360000000001078,-0.06
0.00019380000000001078,-0.06
0.0001940000000000108,-0.1
0.0001942000000000108,-0.06
0.0001944000000000108,-0.06
0.0001946000000000108,-0.04
0.0001948000000000108,-0.06
0.0001950000000000108,-0.06
0.00019520000000001082,0.0
0.00019540000000001082,0.0
0.00019560000000001083,0.02
0.00019580000000001083,0.0
0.00019600000000001084,0.02
0.00019620000000001084,0.02
0.00019640000000001085,0.02
0.00019660000000001085,0.06
0.00019680000000001086,0.06
0.00019700000000001086,0.08
0.00019720000000001086,0.06
0.00019740000000001087,0.1
0.00019760000000001087,0.08
0.00019780000000001088,0.1
0.00019800000000001088,0.12
0.0001982000000000109,0.12
0.0001984000000000109,0.14
0.0001986000000000109,0.08
0.0001988000000000109,0.14
0.0001990000000000109,0.18
0.0001992000000000109,0.18
0.00019940000000001092,0.18
0.00019960000000001092,0.18
0.00019980000000001093,0.16
0.00020000000000001093,0.2
0.00020020000000001094,0.22
0.00020040000000001094,0.22
0.00020060000000001095,0.24
0.00020080000000001095,0.24
0.00020100000000001096,0.24
0.00020120000000001096,0.28
0.00020140000000001097,0.26
0.00020160000000001097,0.26
0.00020180000000001098,0.26
0.00020200000000001098,0.28
0.00020220000000001099,0.28
0.000202400000000011,0.26
0.000202600000000011,0.3
0.000202800000000011,0.3
0.000203000000000011,0.34
0.000203200000000011,0.32
0.00020340000000001102,0.34
0.00020360000000001102,0.34
0.00020380000000001103,0.34
0.00020400000000001103,0.34
0.00020420000000001104,0.36
0.00020440000000001104,0.38
0.00020460000000001104,0.38
0.00020480000000001105,0.38
0.00020500000000001105,0.4
0.00020520000000001106,0.42
0.00020540000000001106,0.4
0.00020560000000001107,0.44
0.00020580000000001107,0.46
0.00020600000000001108,0.42
0.00020620000000001108,0.44
0.0002064000000000111,0.46
0.0002066000000000111,0.48
0.0002068000000000111,0.46
0.0002070000000000111,0.46
0.0002072000000000111,0.5
0.0002074000000000111,0.5
0.00020760000000001112,0.48
0.00020780000000001112,0.5
0.00020800000000001113,0.52
0.00020820000000001113,0.52
0.00020840000000001114,0.5
0.00020860000000001114,0.54
0.00020880000000001115,0.52
0.00020900000000001115,0.56
0.00020920000000001116,0.54
0.00020940000000001116,0.56
0.00020960000000001117,0.58
0.00020980000000001117,0.56
0.00021000000000001118,0.56
0.00021020000000001118,0.58
0.00021040000000001119,0.6
0.0002106000000000112,0.62
0.0002108000000000112,0.58
0.0002110000000000112,0.6
0.0002112000000000112,0.6
0.0002114000000000112,0.6
0.00021160000000001121,0.58
0.00021180000000001122,0.6
0.00021200000000001122,0.64
0.00021220000000001123,0.62
0.00021240000000001123,0.6
0.00021260000000001124,0.64
0.00021280000000001124,0.64
0.00021300000000001125,0.64
0.00021320000000001125,0.62
0.00021340000000001126,0.66
0.00021360000000001126,0.66
0.00021380000000001127,0.66
0.00021400000000001127,0.68
0.00021420000000001128,0.68
0.00021440000000001128,0.66
0.0002146000000000113,0.66
0.0002148000000000113,0.66
0.0002150000000000113,0.7000000000000001
0.0002152000000000113,0.7000000000000001
0.0002154000000000113,0.68
0.0002156000000000113,0.68
0.00021580000000001132,0.68
0.00021600000000001132,0.7000000000000001
0.00021620000000001133,0.68
0.00021640000000001133,0.68
0.00021660000000001134,0.72
0.00021680000000001134,0.7000000000000001
0.00021700000000001135,0.7000000000000001
0.00021720000000001135,0.7000000000000001
0.00021740000000001136,0.72
0.00021760000000001136,0.72
0.00021780000000001137,0.72
0.00021800000000001137,0.72
0.00021820000000001138,0.72
0.00021840000000001138,0.7000000000000001
0.00021860000000001139,0.72
0.0002188000000000114,0.74
0.0002190000000000114,0.72
0.0002192000000000114,0.72
0.0002194000000000114,0.72
0.0002196000000000114,0.72
0.00021980000000001141,0.72
0.00022000000000001142,0.72
0.00022020000000001142,0.7000000000000001
0.00022040000000001143,0.72
0.00022060000000001143,0.74
0.00022080000000001144,0.72
0.00022100000000001144,0.72
0.00022120000000001145,0.74
0.00022140000000001145,0.72
0.00022160000000001146,0.72
0.00022180000000001146,0.72
0.00022200000000001147,0.72
0.00022220000000001147,0.72
0.00022240000000001148,0.7000000000000001
0.00022260000000001148,0.72
0.0002228000000000115,0.72
0.0002230000000000115,0.72
0.0002232000000000115,0.72
0.0002234000000000115,0.74
0.0002236000000000115,0.72
0.0002238000000000115,0.72
0.00022400000000001152,0.72
0.00022420000000001152,0.7000000000000001
0.00022440000000001153,0.72
0.00022460000000001153,0.7000000000000001
0.00022480000000001154,0.68
0.00022500000000001154,0.7000000000000001
0.00022520000000001155,0.7000000000000001
0.00022540000000001155,0.7000000000000001
0.00022560000000001156,0.7000000000000001
0.00022580000000001156,0.7000000000000001
0.00022600000000001156,0.7000000000000001
0.00022620000000001157,0.66
0.00022640000000001157,0.68
0.00022660000000001158,0.66
0.00022680000000001158,0.7000000000000001
0.0002270000000000116,0.64
0.0002272000000000116,0.66
0.0002274000000000116,0.68
0.0002276000000000116,0.64
0.0002278000000000116,0.66
0.0002280000000000116,0.68
0.00022820000000001162,0.64
0.00022840000000001162,0.66
0.00022860000000001163,0.64
0.00022880000000001163,0.66
0.00022900000000001164,0.64
0.00022920000000001164,0.64
0.00022940000000001165,0.62
0.00022960000000001165,0.64
0.00022980000000001166,0.64
0.00023000000000001166,0.62
0.00023020000000001167,0.6
0.00023040000000001167,0.6
0.00023060000000001168,0.58
0.00023080000000001168,0.6
0.00023100000000001169,0.58
0.0002312000000000117,0.58
0.0002314000000000117,0.54
0.0002316000000000117,0.52
0.0002318000000000117,0.54
0.0002320000000000117,0.52
0.00023220000000001172,0.58
0.00023240000000001172,0.54
0.00023260000000001173,0.52
0.00023280000000001173,0.52
0.00023300000000001174,0.5
0.00023320000000001174,0.52
0.00023340000000001174,0.5
0.00023360000000001175,0.5
0.00023380000000001175,0.5
0.00023400000000001176,0.48
0.00023420000000001176,0.46
0.00023440000000001177,0.42
0.00023460000000001177,0.44
0.00023480000000001178,0.46
0.00023500000000001178,0.46
0.0002352000000000118,0.4
0.0002354000000000118,0.44
0.0002356000000000118,0.42
0.0002358000000000118,0.4
0.0002360000000000118,0.42
0.0002362000000000118,0.42
0.00023640000000001182,0.4
0.00023660000000001182,0.38
0.00023680000000001183,0.4
0.00023700000000001183,0.36
0.00023720000000001184,0.34
0.00023740000000001184,0.36
0.00023760000000001185,0.36
0.00023780000000001185,0.32
0.00023800000000001186,0.32
0.00023820000000001186,0.32
0.00023840000000001187,0.32
0.00023860000000001187,0.32
0.00023880000000001188,0.3
0.00023900000000001188,0.3
0.00023920000000001189,0.3
0.0002394000000000119,0.3
0.0002396000000000119,0.28
0.0002398000000000119,0.26
0.0002400000000000119,0.26
0.0002402000000000119,0.24
0.00024040000000001191,0.26
0.00024060000000001192,0.22
0.00024080000000001192,0.22
0.00024100000000001193,0.22
0.00024120000000001193,0.2
0.00024140000000001194,0.18
0.00024160000000001194,0.2
0.00024180000000001195,0.18
0.00024200000000001195,0.14
0.00024220000000001196,0.14
0.00024240000000001196,0.16
0.00024260000000001197,0.14
0.00024280000000001197,0.16
0.00024300000000001198,0.1
0.00024320000000001198,0.12
0.000243400000000012,0.12
0.000243600000000012,0.08
0.000243800000000012,0.1
0.000244000000000012,0.1
0.000244200000000012,0.08
0.000244400000000012,0.04
0.000244600000000012,0.06
0.000244800000000012,0.02
0.000245000000000012,0.04
0.00024520000000001203,0.04
0.00024540000000001204,0.02
0.00024560000000001204,0.0
0.00024580000000001205,-0.02
0.00024600000000001205,-0.04
0.00024620000000001206,0.0
0.00024640000000001206,0.0
0.00024660000000001207,-0.02
0.00024680000000001207,-0.02
0.0002470000000000121,-0.02
0.0002472000000000121,-0.04
0.0002474000000000121,-0.06
0.0002476000000000121,-0.06
0.0002478000000000121,-0.08
0.0002480000000000121,-0.1
0.0002482000000000121,-0.1
0.0002484000000000121,-0.12
0.0002486000000000121,-0.12
0.0002488000000000121,-0.14
0.0002490000000000121,-0.14
0.00024920000000001213,-0.16
0.00024940000000001213,-0.18
0.00024960000000001214,-0.16
0.00024980000000001214,-0.18
0.00025000000000001215,-0.2
