-0.0004996,0.016800000000000002
-0.0004992,0.016
-0.0004988,0.0164
-0.0004984,0.016800000000000002
-0.000498,0.016
-0.0004976,0.0172
-0.0004971999999999999,0.0176
-0.0004967999999999999,0.0172
-0.0004963999999999999,0.0164
-0.0004959999999999999,0.0164
-0.0004955999999999999,0.0176
-0.0004951999999999999,0.018000000000000002
-0.0004947999999999999,0.0172
-0.0004943999999999999,0.016800000000000002
-0.0004939999999999999,0.0172
-0.0004935999999999999,0.0176
-0.0004931999999999998,0.016
-0.0004927999999999998,0.0164
-0.0004923999999999998,0.0164
-0.0004919999999999998,0.015600000000000001
-0.0004915999999999998,0.016800000000000002
-0.0004911999999999998,0.015600000000000001
-0.0004907999999999998,0.0172
-0.0004903999999999998,0.0176
-0.0004899999999999998,0.0164
-0.0004895999999999998,0.0172
-0.0004891999999999997,0.016800000000000002
-0.0004887999999999997,0.018000000000000002
-0.0004883999999999997,0.0172
-0.0004879999999999997,0.0172
-0.0004875999999999997,0.0184
-0.0004871999999999997,0.0172
-0.0004867999999999997,0.015600000000000001
-0.0004863999999999997,0.0188
-0.00048599999999999967,0.016
-0.00048559999999999966,0.016800000000000002
-0.00048519999999999965,0.0172
-0.00048479999999999964,0.016
-0.00048439999999999963,0.0172
-0.0004839999999999996,0.016800000000000002
-0.0004835999999999996,0.0164
-0.0004831999999999996,0.0164
-0.0004827999999999996,0.018000000000000002
-0.0004823999999999996,0.0172
-0.00048199999999999957,0.0176
-0.00048159999999999956,0.016
-0.00048119999999999955,0.016800000000000002
-0.00048079999999999954,0.016
-0.00048039999999999953,0.0172
-0.0004799999999999995,0.016
-0.0004795999999999995,0.016
-0.0004791999999999995,0.0176
-0.0004787999999999995,0.0176
-0.0004783999999999995,0.0176
-0.0004779999999999995,0.0172
-0.00047759999999999947,0.016800000000000002
-0.00047719999999999946,0.015600000000000001
-0.00047679999999999945,0.016800000000000002
-0.00047639999999999944,0.015600000000000001
-0.0004759999999999994,0.015600000000000001
-0.0004755999999999994,0.015600000000000001
-0.0004751999999999994,0.015600000000000001
-0.0004747999999999994,0.0176
-0.0004743999999999994,0.0152
-0.0004739999999999994,0.016800000000000002
-0.00047359999999999937,0.0148
-0.00047319999999999936,0.0164
-0.00047279999999999935,0.016800000000000002
-0.00047239999999999934,0.0172
-0.00047199999999999933,0.0164
-0.0004715999999999993,0.018000000000000002
-0.0004711999999999993,0.0176
-0.0004707999999999993,0.0172
-0.0004703999999999993,0.0172
-0.0004699999999999993,0.016800000000000002
-0.00046959999999999927,0.016
-0.00046919999999999926,0.0148
-0.00046879999999999925,0.0176
-0.00046839999999999924,0.016
-0.00046799999999999923,0.016800000000000002
-0.0004675999999999992,0.015600000000000001
-0.0004671999999999992,0.0164
-0.0004667999999999992,0.016
-0.0004663999999999992,0.0148
-0.0004659999999999992,0.0148
-0.0004655999999999992,0.013600000000000001
-0.00046519999999999916,0.016
-0.00046479999999999915,0.014
-0.00046439999999999915,0.0164
-0.00046399999999999914,0.015600000000000001
-0.0004635999999999991,0.014400000000000001
-0.0004631999999999991,0.015600000000000001
-0.0004627999999999991,0.015600000000000001
-0.0004623999999999991,0.0152
-0.0004619999999999991,0.015600000000000001
-0.0004615999999999991,0.0148
-0.00046119999999999907,0.0148
-0.00046079999999999906,0.016
-0.00046039999999999905,0.0152
-0.00045999999999999904,0.014400000000000001
-0.00045959999999999903,0.013600000000000001
-0.000459199999999999,0.0152
-0.000458799999999999,0.0132
-0.000458399999999999,0.0148
-0.000457999999999999,0.014400000000000001
-0.000457599999999999,0.0152
-0.00045719999999999897,0.014
-0.00045679999999999896,0.014
-0.00045639999999999895,0.0148
-0.00045599999999999894,0.0128
-0.00045559999999999893,0.014
-0.0004551999999999989,0.014400000000000001
-0.0004547999999999989,0.0148
-0.0004543999999999989,0.014400000000000001
-0.0004539999999999989,0.0132
-0.0004535999999999989,0.012
-0.00045319999999999887,0.013600000000000001
-0.00045279999999999886,0.013600000000000001
-0.00045239999999999885,0.014
-0.00045199999999999884,0.014
-0.00045159999999999883,0.014
-0.0004511999999999988,0.0128
-0.0004507999999999988,0.012
-0.0004503999999999988,0.014
-0.0004499999999999988,0.013600000000000001
-0.0004495999999999988,0.0132
-0.0004491999999999988,0.012400000000000001
-0.00044879999999999877,0.0128
-0.00044839999999999876,0.012
-0.00044799999999999875,0.0132
-0.00044759999999999874,0.012400000000000001
-0.0004471999999999987,0.011600000000000001
-0.0004467999999999987,0.0132
-0.0004463999999999987,0.0132
-0.0004459999999999987,0.010400000000000001
-0.0004455999999999987,0.011600000000000001
-0.0004451999999999987,0.012
-0.00044479999999999867,0.0128
-0.00044439999999999866,0.012
-0.00044399999999999865,0.012
-0.00044359999999999864,0.012400000000000001
-0.00044319999999999863,0.012
-0.0004427999999999986,0.0108
-0.0004423999999999986,0.011600000000000001
-0.0004419999999999986,0.012
-0.0004415999999999986,0.011600000000000001
-0.0004411999999999986,0.0108
-0.00044079999999999857,0.010400000000000001
-0.00044039999999999856,0.0108
-0.00043999999999999855,0.012400000000000001
-0.00043959999999999854,0.012
-0.00043919999999999853,0.0108
-0.0004387999999999985,0.011600000000000001
-0.0004383999999999985,0.0108
-0.0004379999999999985,0.010400000000000001
-0.0004375999999999985,0.0108
-0.0004371999999999985,0.012
-0.0004367999999999985,0.0108
-0.00043639999999999846,0.009600000000000001
-0.00043599999999999845,0.010400000000000001
-0.00043559999999999845,0.0092
-0.00043519999999999844,0.01
-0.0004347999999999984,0.009600000000000001
-0.0004343999999999984,0.008400000000000001
-0.0004339999999999984,0.0092
-0.0004335999999999984,0.009600000000000001
-0.0004331999999999984,0.009600000000000001
-0.0004327999999999984,0.008
-0.00043239999999999837,0.0088
-0.00043199999999999836,0.010400000000000001
-0.00043159999999999835,0.0092
-0.00043119999999999834,0.0076
-0.00043079999999999833,0.008400000000000001
-0.0004303999999999983,0.009600000000000001
-0.0004299999999999983,0.008400000000000001
-0.0004295999999999983,0.008
-0.0004291999999999983,0.0056
-0.0004287999999999983,0.008
-0.00042839999999999827,0.008
-0.00042799999999999826,0.007200000000000001
-0.00042759999999999825,0.008
-0.00042719999999999824,0.0064
-0.00042679999999999823,0.0048000000000000004
-0.0004263999999999982,0.0076
-0.0004259999999999982,0.008
-0.0004255999999999982,0.0076
-0.0004251999999999982,0.0068000000000000005
-0.0004247999999999982,0.0044
-0.00042439999999999817,0.0056
-0.00042399999999999816,0.0056
-0.00042359999999999815,0.0044
-0.00042319999999999814,0.0064
-0.00042279999999999813,0.0044
-0.0004223999999999981,0.0068000000000000005
-0.0004219999999999981,0.0044
-0.0004215999999999981,0.0048000000000000004
-0.0004211999999999981,0.0056
-0.0004207999999999981,0.0056
-0.0004203999999999981,0.005200000000000001
-0.00041999999999999807,0.0056
-0.00041959999999999806,0.005200000000000001
-0.00041919999999999805,0.0044
-0.00041879999999999804,0.0036000000000000003
-0.000418399999999998,0.0048000000000000004
-0.000417999999999998,0.0036000000000000003
-0.000417599999999998,0.0044
-0.000417199999999998,0.0064
-0.000416799999999998,0.0044
-0.000416399999999998,0.0024000000000000002
-0.00041599999999999797,0.0028
-0.00041559999999999796,0.0028
-0.00041519999999999795,0.004
-0.00041479999999999794,0.0008
-0.00041439999999999793,0.0028
-0.0004139999999999979,0.0036000000000000003
-0.0004135999999999979,0.0032
-0.0004131999999999979,0.0032
-0.0004127999999999979,0.0012000000000000001
-0.0004123999999999979,0.0012000000000000001
-0.00041199999999999787,0.0024000000000000002
-0.00041159999999999786,0.0028
-0.00041119999999999785,0.002
-0.00041079999999999784,0.0028
-0.00041039999999999783,0.002
-0.0004099999999999978,0.0032
-0.0004095999999999978,0.0036000000000000003
-0.0004091999999999978,0.0012000000000000001
-0.0004087999999999978,0.002
-0.0004083999999999978,0.0016
-0.0004079999999999978,0.0008
-0.00040759999999999776,0.0028
-0.00040719999999999775,0.0028
-0.00040679999999999775,0.0004
-0.00040639999999999774,0.0016
-0.0004059999999999977,0.0016
-0.0004055999999999977,0.0008
-0.0004051999999999977,0.0
-0.0004047999999999977,-0.0016
-0.0004043999999999977,0.0008
-0.0004039999999999977,0.0004
-0.00040359999999999767,0.0008
-0.00040319999999999766,0.0008
-0.00040279999999999765,0.0
-0.00040239999999999764,-0.0004
-0.00040199999999999763,-0.0008
-0.0004015999999999976,-0.0004
-0.0004011999999999976,0.0
-0.0004007999999999976,-0.002
-0.0004003999999999976,-0.0004
-0.0003999999999999976,-0.0004
-0.00039959999999999757,0.0
-0.00039919999999999756,-0.0004
-0.00039879999999999755,0.0
-0.00039839999999999754,0.0004
-0.00039799999999999753,-0.0012000000000000001
-0.0003975999999999975,-0.0008
-0.0003971999999999975,-0.0024000000000000002
-0.0003967999999999975,-0.0016
-0.0003963999999999975,-0.0024000000000000002
-0.0003959999999999975,-0.004
-0.00039559999999999747,-0.0016
-0.00039519999999999746,-0.0028
-0.00039479999999999745,-0.0008
-0.00039439999999999744,-0.002
-0.00039399999999999743,-0.0028
-0.0003935999999999974,-0.0032
-0.0003931999999999974,-0.0028
-0.0003927999999999974,-0.005200000000000001
-0.0003923999999999974,-0.0036000000000000003
-0.0003919999999999974,-0.0048000000000000004
-0.0003915999999999974,-0.0032
-0.00039119999999999737,-0.0036000000000000003
-0.00039079999999999736,-0.0036000000000000003
-0.00039039999999999735,-0.0032
-0.00038999999999999734,-0.0044
-0.0003895999999999973,-0.0044
-0.0003891999999999973,-0.0048000000000000004
-0.0003887999999999973,-0.005200000000000001
-0.0003883999999999973,-0.0056
-0.0003879999999999973,-0.0044
-0.0003875999999999973,-0.004
-0.00038719999999999727,-0.0036000000000000003
-0.00038679999999999726,-0.0056
-0.00038639999999999725,-0.0048000000000000004
-0.00038599999999999724,-0.0048000000000000004
-0.00038559999999999723,-0.0048000000000000004
-0.0003851999999999972,-0.0056
-0.0003847999999999972,-0.007200000000000001
-0.0003843999999999972,-0.0064
-0.0003839999999999972,-0.0064
-0.0003835999999999972,-0.0044
-0.00038319999999999717,-0.0064
-0.00038279999999999716,-0.005200000000000001
-0.00038239999999999715,-0.007200000000000001
-0.00038199999999999714,-0.0044
-0.00038159999999999713,-0.0056
-0.0003811999999999971,-0.0092
-0.0003807999999999971,-0.0076
-0.0003803999999999971,-0.0076
-0.0003799999999999971,-0.007200000000000001
-0.0003795999999999971,-0.008400000000000001
-0.0003791999999999971,-0.006
-0.00037879999999999706,-0.007200000000000001
-0.00037839999999999705,-0.0068000000000000005
-0.00037799999999999704,-0.007200000000000001
-0.00037759999999999704,-0.0064
-0.000377199999999997,-0.008400000000000001
-0.000376799999999997,-0.0088
-0.000376399999999997,-0.0056
-0.000375999999999997,-0.0068000000000000005
-0.000375599999999997,-0.0076
-0.000375199999999997,-0.0092
-0.00037479999999999697,-0.007200000000000001
-0.00037439999999999696,-0.008400000000000001
-0.00037399999999999695,-0.0088
-0.00037359999999999694,-0.0076
-0.00037319999999999693,-0.0092
-0.0003727999999999969,-0.009600000000000001
-0.0003723999999999969,-0.008400000000000001
-0.0003719999999999969,-0.009600000000000001
-0.0003715999999999969,-0.01
-0.0003711999999999969,-0.01
-0.00037079999999999687,-0.01
-0.00037039999999999686,-0.010400000000000001
-0.00036999999999999685,-0.01
-0.00036959999999999684,-0.0092
-0.00036919999999999683,-0.008400000000000001
-0.0003687999999999968,-0.0108
-0.0003683999999999968,-0.0108
-0.0003679999999999968,-0.0092
-0.0003675999999999968,-0.01
-0.0003671999999999968,-0.0108
-0.00036679999999999677,-0.0108
-0.00036639999999999676,-0.011600000000000001
-0.00036599999999999675,-0.0112
-0.00036559999999999674,-0.0112
-0.00036519999999999673,-0.011600000000000001
-0.0003647999999999967,-0.0108
-0.0003643999999999967,-0.01
-0.0003639999999999967,-0.0108
-0.0003635999999999967,-0.010400000000000001
-0.0003631999999999967,-0.012
-0.0003627999999999967,-0.012400000000000001
-0.00036239999999999667,-0.010400000000000001
-0.00036199999999999666,-0.011600000000000001
-0.00036159999999999665,-0.0112
-0.00036119999999999664,-0.0112
-0.0003607999999999966,-0.0108
-0.0003603999999999966,-0.012400000000000001
-0.0003599999999999966,-0.0128
-0.0003595999999999966,-0.0112
-0.0003591999999999966,-0.0112
-0.0003587999999999966,-0.011600000000000001
-0.00035839999999999657,-0.0128
-0.00035799999999999656,-0.012
-0.00035759999999999655,-0.0112
-0.00035719999999999654,-0.0112
-0.00035679999999999653,-0.0112
-0.0003563999999999965,-0.012400000000000001
-0.0003559999999999965,-0.0128
-0.0003555999999999965,-0.0112
-0.0003551999999999965,-0.0128
-0.0003547999999999965,-0.0132
-0.00035439999999999647,-0.0128
-0.00035399999999999646,-0.013600000000000001
-0.00035359999999999645,-0.012
-0.00035319999999999644,-0.012400000000000001
-0.00035279999999999643,-0.013600000000000001
-0.0003523999999999964,-0.011600000000000001
-0.0003519999999999964,-0.013600000000000001
-0.0003515999999999964,-0.012
-0.0003511999999999964,-0.0132
-0.0003507999999999964,-0.013600000000000001
-0.0003503999999999964,-0.012400000000000001
-0.00034999999999999636,-0.013600000000000001
-0.00034959999999999635,-0.0132
-0.00034919999999999634,-0.012400000000000001
-0.00034879999999999634,-0.014400000000000001
-0.0003483999999999963,-0.013600000000000001
-0.0003479999999999963,-0.014
-0.0003475999999999963,-0.0132
-0.0003471999999999963,-0.0152
-0.0003467999999999963,-0.014400000000000001
-0.0003463999999999963,-0.013600000000000001
-0.00034599999999999627,-0.014
-0.00034559999999999626,-0.0132
-0.00034519999999999625,-0.0128
-0.00034479999999999624,-0.014
-0.00034439999999999623,-0.014400000000000001
-0.0003439999999999962,-0.0132
-0.0003435999999999962,-0.013600000000000001
-0.0003431999999999962,-0.015600000000000001
-0.0003427999999999962,-0.015600000000000001
-0.0003423999999999962,-0.014400000000000001
-0.00034199999999999617,-0.0164
-0.00034159999999999616,-0.014400000000000001
-0.00034119999999999615,-0.015600000000000001
-0.00034079999999999614,-0.014
-0.00034039999999999613,-0.0152
-0.0003399999999999961,-0.0152
-0.0003395999999999961,-0.016
-0.0003391999999999961,-0.014400000000000001
-0.0003387999999999961,-0.016
-0.0003383999999999961,-0.013600000000000001
-0.00033799999999999607,-0.0164
-0.00033759999999999606,-0.015600000000000001
-0.00033719999999999605,-0.0152
-0.00033679999999999604,-0.014400000000000001
-0.00033639999999999603,-0.016
-0.000335999999999996,-0.016
-0.000335599999999996,-0.0152
-0.000335199999999996,-0.013600000000000001
-0.000334799999999996,-0.0152
-0.000334399999999996,-0.0152
-0.000333999999999996,-0.015600000000000001
-0.00033359999999999597,-0.014400000000000001
-0.00033319999999999596,-0.015600000000000001
-0.00033279999999999595,-0.0148
-0.00033239999999999594,-0.014400000000000001
-0.0003319999999999959,-0.016800000000000002
-0.0003315999999999959,-0.0152
-0.0003311999999999959,-0.0152
-0.0003307999999999959,-0.018000000000000002
-0.0003303999999999959,-0.0152
-0.0003299999999999959,-0.0164
-0.00032959999999999587,-0.0152
-0.00032919999999999586,-0.016
-0.00032879999999999585,-0.016800000000000002
-0.00032839999999999584,-0.0148
-0.00032799999999999583,-0.0152
-0.0003275999999999958,-0.0164
-0.0003271999999999958,-0.0164
-0.0003267999999999958,-0.016800000000000002
-0.0003263999999999958,-0.016800000000000002
-0.0003259999999999958,-0.016800000000000002
-0.00032559999999999577,-0.0176
-0.00032519999999999576,-0.015600000000000001
-0.00032479999999999575,-0.016
-0.00032439999999999574,-0.0164
-0.00032399999999999573,-0.0152
-0.0003235999999999957,-0.015600000000000001
-0.0003231999999999957,-0.015600000000000001
-0.0003227999999999957,-0.0148
-0.0003223999999999957,-0.015600000000000001
-0.0003219999999999957,-0.0148
-0.0003215999999999957,-0.0164
-0.00032119999999999566,-0.016
-0.00032079999999999565,-0.0176
-0.00032039999999999564,-0.016
-0.00031999999999999564,-0.0152
-0.0003195999999999956,-0.014400000000000001
-0.0003191999999999956,-0.015600000000000001
-0.0003187999999999956,-0.0152
-0.0003183999999999956,-0.016
-0.0003179999999999956,-0.016800000000000002
-0.0003175999999999956,-0.0164
-0.00031719999999999557,-0.0164
-0.00031679999999999556,-0.015600000000000001
-0.00031639999999999555,-0.0164
-0.00031599999999999554,-0.0172
-0.00031559999999999553,-0.0164
-0.0003151999999999955,-0.016800000000000002
-0.0003147999999999955,-0.0164
-0.0003143999999999955,-0.0164
-0.0003139999999999955,-0.0164
-0.0003135999999999955,-0.0164
-0.00031319999999999547,-0.0152
-0.00031279999999999546,-0.0172
-0.00031239999999999545,-0.016800000000000002
-0.00031199999999999544,-0.0164
-0.00031159999999999543,-0.0164
-0.0003111999999999954,-0.016800000000000002
-0.0003107999999999954,-0.016
-0.0003103999999999954,-0.0164
-0.0003099999999999954,-0.0152
-0.0003095999999999954,-0.016
-0.00030919999999999537,-0.015600000000000001
-0.00030879999999999536,-0.015600000000000001
-0.00030839999999999535,-0.015600000000000001
-0.00030799999999999534,-0.0164
-0.00030759999999999533,-0.015600000000000001
-0.0003071999999999953,-0.015600000000000001
-0.0003067999999999953,-0.015600000000000001
-0.0003063999999999953,-0.0148
-0.0003059999999999953,-0.016800000000000002
-0.0003055999999999953,-0.0152
-0.0003051999999999953,-0.015600000000000001
-0.00030479999999999527,-0.015600000000000001
-0.00030439999999999526,-0.016
-0.00030399999999999525,-0.016
-0.00030359999999999524,-0.0148
-0.0003031999999999952,-0.0148
-0.0003027999999999952,-0.0164
-0.0003023999999999952,-0.016
-0.0003019999999999952,-0.014
-0.0003015999999999952,-0.0164
-0.0003011999999999952,-0.014400000000000001
-0.00030079999999999517,-0.015600000000000001
-0.00030039999999999516,-0.014
-0.00029999999999999515,-0.0132
-0.00029959999999999514,-0.0132
-0.00029919999999999513,-0.015600000000000001
-0.0002987999999999951,-0.0172
-0.0002983999999999951,-0.014400000000000001
-0.0002979999999999951,-0.013600000000000001
-0.0002975999999999951,-0.015600000000000001
-0.0002971999999999951,-0.014400000000000001
-0.00029679999999999507,-0.0128
-0.00029639999999999506,-0.0132
-0.00029599999999999505,-0.013600000000000001
-0.00029559999999999504,-0.0128
-0.00029519999999999503,-0.0148
-0.000294799999999995,-0.0132
-0.000294399999999995,-0.0152
-0.000293999999999995,-0.014
-0.000293599999999995,-0.014
-0.000293199999999995,-0.014400000000000001
-0.000292799999999995,-0.014
-0.00029239999999999496,-0.011600000000000001
-0.00029199999999999495,-0.0132
-0.00029159999999999494,-0.013600000000000001
-0.00029119999999999494,-0.014400000000000001
-0.0002907999999999949,-0.0148
-0.0002903999999999949,-0.012400000000000001
-0.0002899999999999949,-0.013600000000000001
-0.0002895999999999949,-0.013600000000000001
-0.0002891999999999949,-0.0132
-0.0002887999999999949,-0.012400000000000001
-0.00028839999999999487,-0.012400000000000001
-0.00028799999999999486,-0.0132
-0.00028759999999999485,-0.013600000000000001
-0.00028719999999999484,-0.012400000000000001
-0.00028679999999999483,-0.014
-0.0002863999999999948,-0.011600000000000001
-0.0002859999999999948,-0.012
-0.0002855999999999948,-0.0132
-0.0002851999999999948,-0.0128
-0.0002847999999999948,-0.0112
-0.00028439999999999477,-0.011600000000000001
-0.00028399999999999476,-0.011600000000000001
-0.00028359999999999475,-0.0112
-0.00028319999999999474,-0.011600000000000001
-0.00028279999999999473,-0.013600000000000001
-0.0002823999999999947,-0.011600000000000001
-0.0002819999999999947,-0.01
-0.0002815999999999947,-0.012400000000000001
-0.0002811999999999947,-0.012
-0.0002807999999999947,-0.011600000000000001
-0.00028039999999999467,-0.012
-0.00027999999999999466,-0.01
-0.00027959999999999465,-0.0108
-0.00027919999999999464,-0.0112
-0.00027879999999999463,-0.012400000000000001
-0.0002783999999999946,-0.009600000000000001
-0.0002779999999999946,-0.01
-0.0002775999999999946,-0.01
-0.0002771999999999946,-0.011600000000000001
-0.0002767999999999946,-0.012
-0.0002763999999999946,-0.0108
-0.00027599999999999457,-0.008
-0.00027559999999999456,-0.01
-0.00027519999999999455,-0.0112
-0.00027479999999999454,-0.010400000000000001
-0.0002743999999999945,-0.0092
-0.0002739999999999945,-0.0088
-0.0002735999999999945,-0.0088
-0.0002731999999999945,-0.0088
-0.0002727999999999945,-0.009600000000000001
-0.0002723999999999945,-0.0092
-0.00027199999999999447,-0.010400000000000001
-0.00027159999999999446,-0.0088
-0.00027119999999999445,-0.0088
-0.00027079999999999444,-0.0108
-0.00027039999999999443,-0.008400000000000001
-0.0002699999999999944,-0.008
-0.0002695999999999944,-0.0092
-0.0002691999999999944,-0.008400000000000001
-0.0002687999999999944,-0.0088
-0.0002683999999999944,-0.0076
-0.00026799999999999437,-0.0068000000000000005
-0.00026759999999999436,-0.0076
-0.00026719999999999435,-0.0088
-0.00026679999999999434,-0.0068000000000000005
-0.00026639999999999433,-0.0076
-0.0002659999999999943,-0.007200000000000001
-0.0002655999999999943,-0.0068000000000000005
-0.0002651999999999943,-0.007200000000000001
-0.0002647999999999943,-0.0068000000000000005
-0.0002643999999999943,-0.007200000000000001
-0.0002639999999999943,-0.0076
-0.00026359999999999426,-0.0064
-0.00026319999999999425,-0.007200000000000001
-0.00026279999999999424,-0.007200000000000001
-0.00026239999999999424,-0.0068000000000000005
-0.0002619999999999942,-0.005200000000000001
-0.0002615999999999942,-0.005200000000000001
-0.0002611999999999942,-0.0056
-0.0002607999999999942,-0.005200000000000001
-0.0002603999999999942,-0.008
-0.0002599999999999942,-0.0064
-0.00025959999999999417,-0.0064
-0.00025919999999999416,-0.0064
-0.00025879999999999415,-0.006
-0.00025839999999999414,-0.0064
-0.00025799999999999413,-0.005200000000000001
-0.0002575999999999941,-0.004
-0.0002571999999999941,-0.0056
-0.0002567999999999941,-0.007200000000000001
-0.0002563999999999941,-0.0048000000000000004
-0.0002559999999999941,-0.0044
-0.00025559999999999407,-0.005200000000000001
-0.00025519999999999406,-0.0028
-0.00025479999999999405,-0.0044
-0.00025439999999999404,-0.0048000000000000004
-0.00025399999999999403,-0.0048000000000000004
-0.000253599999999994,-0.004
-0.000253199999999994,-0.0024000000000000002
-0.000252799999999994,-0.0036000000000000003
-0.000252399999999994,-0.0032
-0.000251999999999994,-0.004
-0.00025159999999999397,-0.0028
-0.00025119999999999396,-0.0036000000000000003
-0.00025079999999999395,-0.0028
-0.00025039999999999394,-0.004
-0.00024999999999999393,-0.004
-0.0002495999999999939,-0.0028
-0.0002491999999999939,-0.0028
-0.0002487999999999939,-0.004
-0.0002483999999999939,-0.0024000000000000002
-0.0002479999999999939,-0.0028
-0.0002475999999999939,-0.0012000000000000001
-0.00024719999999999387,-0.0016
-0.00024679999999999386,-0.0028
-0.00024639999999999385,-0.0004
-0.00024599999999999384,-0.0016
-0.0002455999999999938,-0.002
-0.0002451999999999938,-0.0004
-0.0002447999999999938,0.0004
-0.0002443999999999938,-0.0012000000000000001
-0.0002439999999999938,-0.0012000000000000001
-0.00024359999999999378,-0.0012000000000000001
-0.00024319999999999377,-0.0004
-0.00024279999999999376,-0.0008
-0.00024239999999999375,-0.0024000000000000002
-0.00024199999999999374,0.0004
-0.00024159999999999373,0.0
-0.00024119999999999372,0.0004
-0.0002407999999999937,0.0012000000000000001
-0.0002403999999999937,-0.002
-0.0002399999999999937,0.0008
-0.00023959999999999368,-0.0004
-0.00023919999999999367,0.0
-0.00023879999999999366,0.0024000000000000002
-0.00023839999999999365,0.0008
-0.00023799999999999364,0.002
-0.00023759999999999363,-0.0004
-0.00023719999999999362,0.0004
-0.0002367999999999936,0.0036000000000000003
-0.0002363999999999936,0.0016
-0.0002359999999999936,0.002
-0.00023559999999999358,0.0024000000000000002
-0.00023519999999999357,0.0004
-0.00023479999999999356,0.0016
-0.00023439999999999355,0.0012000000000000001
-0.00023399999999999354,0.0024000000000000002
-0.00023359999999999354,0.002
-0.00023319999999999353,0.0024000000000000002
-0.00023279999999999352,0.0032
-0.0002323999999999935,0.0024000000000000002
-0.0002319999999999935,0.002
-0.00023159999999999349,0.0016
-0.00023119999999999348,0.0028
-0.00023079999999999347,0.004
-0.00023039999999999346,0.0032
-0.00022999999999999345,0.004
-0.00022959999999999344,0.0032
-0.00022919999999999343,0.0044
-0.00022879999999999342,0.0044
-0.0002283999999999934,0.0024000000000000002
-0.0002279999999999934,0.0036000000000000003
-0.0002275999999999934,0.0048000000000000004
-0.00022719999999999338,0.0048000000000000004
-0.00022679999999999337,0.004
-0.00022639999999999336,0.0028
-0.00022599999999999335,0.005200000000000001
-0.00022559999999999334,0.0044
-0.00022519999999999333,0.0044
-0.00022479999999999332,0.005200000000000001
-0.0002243999999999933,0.0048000000000000004
-0.0002239999999999933,0.0056
-0.0002235999999999933,0.0064
-0.00022319999999999328,0.004
-0.00022279999999999327,0.0056
-0.00022239999999999326,0.006
-0.00022199999999999325,0.006
-0.00022159999999999324,0.005200000000000001
-0.00022119999999999323,0.0064
-0.00022079999999999322,0.007200000000000001
-0.00022039999999999321,0.0076
-0.0002199999999999932,0.0068000000000000005
-0.0002195999999999932,0.0068000000000000005
-0.00021919999999999319,0.0064
-0.00021879999999999318,0.0076
-0.00021839999999999317,0.0064
-0.00021799999999999316,0.0068000000000000005
-0.00021759999999999315,0.0068000000000000005
-0.00021719999999999314,0.008
-0.00021679999999999313,0.0076
-0.00021639999999999312,0.0064
-0.0002159999999999931,0.0076
-0.0002155999999999931,0.0076
-0.0002151999999999931,0.0088
-0.00021479999999999308,0.008400000000000001
-0.00021439999999999307,0.008
-0.00021399999999999306,0.009600000000000001
-0.00021359999999999305,0.008
-0.00021319999999999304,0.007200000000000001
-0.00021279999999999303,0.01
-0.00021239999999999302,0.0092
-0.000211999999999993,0.01
-0.000211599999999993,0.0088
-0.000211199999999993,0.008
-0.00021079999999999298,0.008
-0.00021039999999999297,0.0092
-0.00020999999999999296,0.01
-0.00020959999999999295,0.0092
-0.00020919999999999294,0.0092
-0.00020879999999999293,0.0088
-0.00020839999999999292,0.01
-0.0002079999999999929,0.008400000000000001
-0.0002075999999999929,0.010400000000000001
-0.0002071999999999929,0.0088
-0.00020679999999999288,0.0112
-0.00020639999999999287,0.010400000000000001
-0.00020599999999999286,0.0112
-0.00020559999999999285,0.009600000000000001
-0.00020519999999999284,0.0112
-0.00020479999999999283,0.0112
-0.00020439999999999283,0.01
-0.00020399999999999282,0.0108
-0.0002035999999999928,0.01
-0.0002031999999999928,0.0108
-0.00020279999999999279,0.0108
-0.00020239999999999278,0.01
-0.00020199999999999277,0.010400000000000001
-0.00020159999999999276,0.0112
-0.00020119999999999275,0.010400000000000001
-0.00020079999999999274,0.013600000000000001
-0.00020039999999999273,0.012
-0.00019999999999999272,0.010400000000000001
-0.0001995999999999927,0.012400000000000001
-0.0001991999999999927,0.011600000000000001
-0.0001987999999999927,0.012
-0.00019839999999999268,0.0112
-0.00019799999999999267,0.012
-0.00019759999999999266,0.011600000000000001
-0.00019719999999999265,0.011600000000000001
-0.00019679999999999264,0.0128
-0.00019639999999999263,0.012
-0.00019599999999999262,0.014
-0.0001955999999999926,0.012
-0.0001951999999999926,0.014
-0.0001947999999999926,0.0112
-0.00019439999999999258,0.014
-0.00019399999999999257,0.0128
-0.00019359999999999256,0.0128
-0.00019319999999999255,0.0148
-0.00019279999999999254,0.0152
-0.00019239999999999253,0.014400000000000001
-0.00019199999999999252,0.013600000000000001
-0.00019159999999999251,0.014
-0.0001911999999999925,0.014400000000000001
-0.0001907999999999925,0.0148
-0.00019039999999999248,0.014
-0.00018999999999999248,0.015600000000000001
-0.00018959999999999247,0.014
-0.00018919999999999246,0.013600000000000001
-0.00018879999999999245,0.013600000000000001
-0.00018839999999999244,0.014
-0.00018799999999999243,0.014
-0.00018759999999999242,0.014400000000000001
-0.0001871999999999924,0.0152
-0.0001867999999999924,0.015600000000000001
-0.0001863999999999924,0.016800000000000002
-0.00018599999999999238,0.015600000000000001
-0.00018559999999999237,0.0132
-0.00018519999999999236,0.0152
-0.00018479999999999235,0.014400000000000001
-0.00018439999999999234,0.0148
-0.00018399999999999233,0.0152
-0.00018359999999999232,0.0152
-0.0001831999999999923,0.0148
-0.0001827999999999923,0.0164
-0.0001823999999999923,0.015600000000000001
-0.00018199999999999228,0.016
-0.00018159999999999227,0.013600000000000001
-0.00018119999999999226,0.014400000000000001
-0.00018079999999999225,0.0184
-0.00018039999999999224,0.0152
-0.00017999999999999223,0.015600000000000001
-0.00017959999999999222,0.014400000000000001
-0.0001791999999999922,0.0152
-0.0001787999999999922,0.016800000000000002
-0.0001783999999999922,0.0172
-0.00017799999999999218,0.0164
-0.00017759999999999217,0.0148
-0.00017719999999999216,0.0152
-0.00017679999999999215,0.016
-0.00017639999999999214,0.014400000000000001
-0.00017599999999999213,0.0164
-0.00017559999999999213,0.014400000000000001
-0.00017519999999999212,0.016
-0.0001747999999999921,0.016
-0.0001743999999999921,0.0164
-0.00017399999999999209,0.0148
-0.00017359999999999208,0.016
-0.00017319999999999207,0.0152
-0.00017279999999999206,0.0152
-0.00017239999999999205,0.015600000000000001
-0.00017199999999999204,0.0172
-0.00017159999999999203,0.0172
-0.00017119999999999202,0.016800000000000002
-0.000170799999999992,0.0152
-0.000170399999999992,0.0176
-0.000169999999999992,0.015600000000000001
-0.00016959999999999198,0.0152
-0.00016919999999999197,0.016800000000000002
-0.00016879999999999196,0.016800000000000002
-0.00016839999999999195,0.0164
-0.00016799999999999194,0.0176
-0.00016759999999999193,0.0164
-0.00016719999999999192,0.016
-0.0001667999999999919,0.0188
-0.0001663999999999919,0.0176
-0.0001659999999999919,0.0176
-0.00016559999999999188,0.016800000000000002
-0.00016519999999999187,0.0172
-0.00016479999999999186,0.016
-0.00016439999999999185,0.016
-0.00016399999999999184,0.0176
-0.00016359999999999183,0.016800000000000002
-0.00016319999999999182,0.0164
-0.00016279999999999181,0.0184
-0.0001623999999999918,0.0176
-0.0001619999999999918,0.0172
-0.00016159999999999178,0.0184
-0.00016119999999999178,0.0172
-0.00016079999999999177,0.0172
-0.00016039999999999176,0.0176
-0.00015999999999999175,0.018000000000000002
-0.00015959999999999174,0.0188
-0.00015919999999999173,0.016800000000000002
-0.00015879999999999172,0.0184
-0.0001583999999999917,0.016800000000000002
-0.0001579999999999917,0.018000000000000002
-0.0001575999999999917,0.015600000000000001
-0.00015719999999999168,0.0172
-0.00015679999999999167,0.016800000000000002
-0.00015639999999999166,0.019200000000000002
-0.00015599999999999165,0.0172
-0.00015559999999999164,0.0188
-0.00015519999999999163,0.0176
-0.00015479999999999162,0.0172
-0.0001543999999999916,0.016
-0.0001539999999999916,0.0164
-0.0001535999999999916,0.0176
-0.00015319999999999158,0.018000000000000002
-0.00015279999999999157,0.018000000000000002
-0.00015239999999999156,0.016800000000000002
-0.00015199999999999155,0.0164
-0.00015159999999999154,0.016
-0.00015119999999999153,0.018000000000000002
-0.00015079999999999152,0.016800000000000002
-0.0001503999999999915,0.0176
-0.0001499999999999915,0.0164
-0.0001495999999999915,0.0176
-0.00014919999999999148,0.0176
-0.00014879999999999147,0.0164
-0.00014839999999999146,0.018000000000000002
-0.00014799999999999145,0.0164
-0.00014759999999999144,0.0172
-0.00014719999999999143,0.016800000000000002
-0.00014679999999999143,0.019200000000000002
-0.00014639999999999142,0.016800000000000002
-0.0001459999999999914,0.016800000000000002
-0.0001455999999999914,0.016800000000000002
-0.00014519999999999139,0.0176
-0.00014479999999999138,0.0152
-0.00014439999999999137,0.0164
-0.00014399999999999136,0.015600000000000001
-0.00014359999999999135,0.0172
-0.00014319999999999134,0.016
-0.00014279999999999133,0.0148
-0.00014239999999999132,0.016
-0.0001419999999999913,0.016
-0.0001415999999999913,0.0172
-0.0001411999999999913,0.016
-0.00014079999999999128,0.014400000000000001
-0.00014039999999999127,0.016800000000000002
-0.00013999999999999126,0.016
-0.00013959999999999125,0.016
-0.00013919999999999124,0.016800000000000002
-0.00013879999999999123,0.0152
-0.00013839999999999122,0.0176
-0.0001379999999999912,0.0176
-0.0001375999999999912,0.016800000000000002
-0.0001371999999999912,0.0176
-0.00013679999999999118,0.015600000000000001
-0.00013639999999999117,0.016
-0.00013599999999999116,0.0164
-0.00013559999999999115,0.0164
-0.00013519999999999114,0.0172
-0.00013479999999999113,0.015600000000000001
-0.00013439999999999112,0.0148
-0.00013399999999999111,0.016
-0.0001335999999999911,0.0152
-0.0001331999999999911,0.015600000000000001
-0.00013279999999999108,0.0148
-0.00013239999999999108,0.0164
-0.00013199999999999107,0.0152
-0.00013159999999999106,0.015600000000000001
-0.00013119999999999105,0.013600000000000001
-0.00013079999999999104,0.0152
-0.00013039999999999103,0.0164
-0.00012999999999999102,0.0152
-0.000129599999999991,0.0148
-0.000129199999999991,0.0148
-0.000128799999999991,0.0152
-0.00012839999999999098,0.016
-0.00012799999999999097,0.0152
-0.00012759999999999096,0.014400000000000001
-0.00012719999999999095,0.0148
-0.00012679999999999094,0.015600000000000001
-0.00012639999999999093,0.0128
-0.00012599999999999092,0.014
-0.0001255999999999909,0.014400000000000001
-0.0001251999999999909,0.014400000000000001
-0.0001247999999999909,0.0152
-0.00012439999999999088,0.013600000000000001
-0.00012399999999999087,0.014
-0.00012359999999999086,0.0152
-0.00012319999999999085,0.0152
-0.00012279999999999084,0.0128
-0.00012239999999999083,0.0132
-0.00012199999999999082,0.013600000000000001
-0.00012159999999999081,0.0148
-0.0001211999999999908,0.013600000000000001
-0.00012079999999999079,0.014
-0.00012039999999999078,0.012400000000000001
-0.00011999999999999077,0.013600000000000001
-0.00011959999999999076,0.014
-0.00011919999999999075,0.0128
-0.00011879999999999074,0.012400000000000001
-0.00011839999999999073,0.014
-0.00011799999999999073,0.012
-0.00011759999999999072,0.0128
-0.0001171999999999907,0.011600000000000001
-0.0001167999999999907,0.014400000000000001
-0.00011639999999999069,0.013600000000000001
-0.00011599999999999068,0.0132
-0.00011559999999999067,0.013600000000000001
-0.00011519999999999066,0.0128
-0.00011479999999999065,0.012400000000000001
-0.00011439999999999064,0.0128
-0.00011399999999999063,0.012
-0.00011359999999999062,0.0128
-0.00011319999999999061,0.0128
-0.0001127999999999906,0.010400000000000001
-0.00011239999999999059,0.011600000000000001
-0.00011199999999999058,0.011600000000000001
-0.00011159999999999057,0.012400000000000001
-0.00011119999999999056,0.012400000000000001
-0.00011079999999999055,0.012400000000000001
-0.00011039999999999054,0.0092
-0.00010999999999999053,0.0128
-0.00010959999999999052,0.012
-0.00010919999999999051,0.012
-0.0001087999999999905,0.0108
-0.00010839999999999049,0.012400000000000001
-0.00010799999999999048,0.009600000000000001
-0.00010759999999999047,0.010400000000000001
-0.00010719999999999046,0.0108
-0.00010679999999999045,0.012
-0.00010639999999999044,0.0108
-0.00010599999999999043,0.010400000000000001
-0.00010559999999999042,0.0108
-0.00010519999999999041,0.0112
-0.0001047999999999904,0.0088
-0.0001043999999999904,0.0092
-0.00010399999999999038,0.010400000000000001
-0.00010359999999999038,0.010400000000000001
-0.00010319999999999037,0.010400000000000001
-0.00010279999999999036,0.0092
-0.00010239999999999035,0.009600000000000001
-0.00010199999999999034,0.0092
-0.00010159999999999033,0.010400000000000001
-0.00010119999999999032,0.010400000000000001
-0.00010079999999999031,0.01
-0.0001003999999999903,0.0076
-9.999999999999029e-05,0.0076
-9.959999999999028e-05,0.0068000000000000005
-9.919999999999027e-05,0.008
-9.879999999999026e-05,0.01
-9.839999999999025e-05,0.0088
-9.799999999999024e-05,0.008
-9.759999999999023e-05,0.0076
-9.719999999999022e-05,0.008
-9.679999999999021e-05,0.0088
-9.63999999999902e-05,0.0076
-9.599999999999019e-05,0.0092
-9.559999999999018e-05,0.007200000000000001
-9.519999999999017e-05,0.0068000000000000005
-9.479999999999016e-05,0.0076
-9.439999999999015e-05,0.0068000000000000005
-9.399999999999014e-05,0.0068000000000000005
-9.359999999999013e-05,0.0068000000000000005
-9.319999999999012e-05,0.007200000000000001
-9.279999999999011e-05,0.0068000000000000005
-9.23999999999901e-05,0.0068000000000000005
-9.199999999999009e-05,0.0048000000000000004
-9.159999999999008e-05,0.007200000000000001
-9.119999999999007e-05,0.0068000000000000005
-9.079999999999006e-05,0.0056
-9.039999999999005e-05,0.006
-8.999999999999004e-05,0.008
-8.959999999999003e-05,0.0044
-8.919999999999003e-05,0.005200000000000001
-8.879999999999002e-05,0.006
-8.839999999999e-05,0.005200000000000001
-8.799999999999e-05,0.0068000000000000005
-8.759999999998999e-05,0.0048000000000000004
-8.719999999998998e-05,0.005200000000000001
-8.679999999998997e-05,0.0056
-8.639999999998996e-05,0.005200000000000001
-8.599999999998995e-05,0.0056
-8.559999999998994e-05,0.0048000000000000004
-8.519999999998993e-05,0.004
-8.479999999998992e-05,0.0048000000000000004
-8.439999999998991e-05,0.004
-8.39999999999899e-05,0.0044
-8.359999999998989e-05,0.006
-8.319999999998988e-05,0.0032
-8.279999999998987e-05,0.0036000000000000003
-8.239999999998986e-05,0.004
-8.199999999998985e-05,0.0044
-8.159999999998984e-05,0.005200000000000001
-8.119999999998983e-05,0.0016
-8.079999999998982e-05,0.0024000000000000002
-8.039999999998981e-05,0.0036000000000000003
-7.99999999999898e-05,0.0012000000000000001
-7.959999999998979e-05,0.004
-7.919999999998978e-05,0.002
-7.879999999998977e-05,0.0028
-7.839999999998976e-05,0.0028
-7.799999999998975e-05,0.0028
-7.759999999998974e-05,0.0036000000000000003
-7.719999999998973e-05,0.0036000000000000003
-7.679999999998972e-05,0.0004
-7.639999999998971e-05,0.0036000000000000003
-7.59999999999897e-05,0.0024000000000000002
-7.55999999999897e-05,0.002
-7.519999999998968e-05,0.0016
-7.479999999998968e-05,0.0012000000000000001
-7.439999999998967e-05,0.0008
-7.399999999998966e-05,0.0012000000000000001
-7.359999999998965e-05,0.002
-7.319999999998964e-05,0.0004
-7.279999999998963e-05,0.0012000000000000001
-7.239999999998962e-05,0.0012000000000000001
-7.199999999998961e-05,0.0
-7.15999999999896e-05,0.0012000000000000001
-7.119999999998959e-05,0.0012000000000000001
-7.079999999998958e-05,-0.0004
-7.039999999998957e-05,0.0004
-6.999999999998956e-05,0.0012000000000000001
-6.959999999998955e-05,-0.0004
-6.919999999998954e-05,0.0004
-6.879999999998953e-05,0.0004
-6.839999999998952e-05,-0.0012000000000000001
-6.799999999998951e-05,-0.0012000000000000001
-6.75999999999895e-05,0.0004
-6.719999999998949e-05,-0.0012000000000000001
-6.679999999998948e-05,-0.0028
-6.639999999998947e-05,-0.0008
-6.599999999998946e-05,-0.0012000000000000001
-6.559999999998945e-05,-0.002
-6.519999999998944e-05,-0.0016
-6.479999999998943e-05,-0.0004
-6.439999999998942e-05,-0.0032
-6.399999999998941e-05,-0.0028
-6.35999999999894e-05,-0.002
-6.319999999998939e-05,-0.002
-6.279999999998938e-05,-0.002
-6.239999999998937e-05,-0.0028
-6.199999999998936e-05,-0.0036000000000000003
-6.159999999998935e-05,-0.0044
-6.119999999998934e-05,-0.0016
-6.0799999999989335e-05,-0.0016
-6.0399999999989325e-05,-0.0028
-5.9999999999989315e-05,-0.0036000000000000003
-5.9599999999989306e-05,-0.0036000000000000003
-5.9199999999989296e-05,-0.0024000000000000002
-5.8799999999989286e-05,-0.0028
-5.8399999999989276e-05,-0.0044
-5.799999999998927e-05,-0.0056
-5.759999999998926e-05,-0.004
-5.719999999998925e-05,-0.0024000000000000002
-5.679999999998924e-05,-0.0048000000000000004
-5.639999999998923e-05,-0.0032
-5.599999999998922e-05,-0.005200000000000001
-5.559999999998921e-05,-0.005200000000000001
-5.51999999999892e-05,-0.004
-5.479999999998919e-05,-0.0044
-5.439999999998918e-05,-0.004
-5.399999999998917e-05,-0.005200000000000001
-5.359999999998916e-05,-0.0044
-5.319999999998915e-05,-0.0048000000000000004
-5.279999999998914e-05,-0.004
-5.239999999998913e-05,-0.006
-5.199999999998912e-05,-0.0044
-5.159999999998911e-05,-0.0064
-5.11999999999891e-05,-0.0056
-5.079999999998909e-05,-0.0056
-5.039999999998908e-05,-0.0056
-4.999999999998907e-05,-0.0056
-4.959999999998906e-05,-0.006
-4.919999999998905e-05,-0.005200000000000001
-4.879999999998904e-05,-0.005200000000000001
-4.8399999999989033e-05,-0.0064
-4.7999999999989024e-05,-0.0064
-4.7599999999989014e-05,-0.0064
-4.7199999999989004e-05,-0.0056
-4.6799999999988995e-05,-0.007200000000000001
-4.6399999999988985e-05,-0.007200000000000001
-4.5999999999988975e-05,-0.0068000000000000005
-4.5599999999988965e-05,-0.0068000000000000005
-4.5199999999988956e-05,-0.0076
-4.4799999999988946e-05,-0.0068000000000000005
-4.4399999999988936e-05,-0.0076
-4.3999999999988926e-05,-0.008400000000000001
-4.359999999998892e-05,-0.007200000000000001
-4.319999999998891e-05,-0.007200000000000001
-4.27999999999889e-05,-0.0056
-4.239999999998889e-05,-0.0068000000000000005
-4.199999999998888e-05,-0.007200000000000001
-4.159999999998887e-05,-0.008400000000000001
-4.119999999998886e-05,-0.0064
-4.079999999998885e-05,-0.008400000000000001
-4.039999999998884e-05,-0.0092
-3.999999999998883e-05,-0.0092
-3.959999999998882e-05,-0.008
-3.919999999998881e-05,-0.01
-3.87999999999888e-05,-0.01
-3.839999999998879e-05,-0.0088
-3.799999999998878e-05,-0.0092
-3.759999999998877e-05,-0.008
-3.719999999998876e-05,-0.008400000000000001
-3.679999999998875e-05,-0.0088
-3.639999999998874e-05,-0.009600000000000001
-3.599999999998873e-05,-0.0092
-3.559999999998872e-05,-0.012
-3.519999999998871e-05,-0.009600000000000001
-3.47999999999887e-05,-0.0088
-3.439999999998869e-05,-0.0108
-3.399999999998868e-05,-0.0092
-3.3599999999988674e-05,-0.01
-3.3199999999988664e-05,-0.0088
-3.2799999999988654e-05,-0.0112
-3.2399999999988644e-05,-0.0112
-3.1999999999988635e-05,-0.012
-3.1599999999988625e-05,-0.0128
-3.1199999999988615e-05,-0.0112
-3.0799999999988606e-05,-0.009600000000000001
-3.0399999999988596e-05,-0.0108
-2.9999999999988586e-05,-0.010400000000000001
-2.9599999999988576e-05,-0.0112
-2.9199999999988567e-05,-0.010400000000000001
-2.8799999999988557e-05,-0.010400000000000001
-2.8399999999988547e-05,-0.0108
-2.7999999999988538e-05,-0.011600000000000001
-2.7599999999988528e-05,-0.011600000000000001
-2.7199999999988518e-05,-0.0112
-2.679999999998851e-05,-0.0112
-2.63999999999885e-05,-0.012400000000000001
-2.599999999998849e-05,-0.0128
-2.559999999998848e-05,-0.0132
-2.519999999998847e-05,-0.012
-2.479999999998846e-05,-0.013600000000000001
-2.439999999998845e-05,-0.0132
-2.399999999998844e-05,-0.0128
-2.359999999998843e-05,-0.0128
-2.319999999998842e-05,-0.0132
-2.279999999998841e-05,-0.013600000000000001
-2.23999999999884e-05,-0.014
-2.199999999998839e-05,-0.014
-2.1599999999988382e-05,-0.013600000000000001
-2.1199999999988372e-05,-0.012
-2.0799999999988363e-05,-0.0132
-2.0399999999988353e-05,-0.014400000000000001
-1.9999999999988343e-05,-0.013600000000000001
-1.9599999999988333e-05,-0.012400000000000001
-1.9199999999988324e-05,-0.0128
-1.8799999999988314e-05,-0.012400000000000001
-1.8399999999988304e-05,-0.0132
-1.7999999999988294e-05,-0.014400000000000001
-1.7599999999988285e-05,-0.014
-1.7199999999988275e-05,-0.0132
-1.6799999999988265e-05,-0.014
-1.6399999999988256e-05,-0.0132
-1.5999999999988246e-05,-0.014400000000000001
-1.5599999999988236e-05,-0.014400000000000001
-1.5199999999988226e-05,-0.014400000000000001
-1.4799999999988217e-05,-0.0152
-1.4399999999988207e-05,-0.014
-1.3999999999988197e-05,-0.014
-1.3599999999988188e-05,-0.014400000000000001
-1.3199999999988178e-05,-0.014400000000000001
-1.2799999999988168e-05,-0.0152
-1.2399999999988158e-05,-0.016
-1.1999999999988149e-05,-0.013600000000000001
-1.1599999999988139e-05,-0.0152
-1.119999999998813e-05,-0.013600000000000001
-1.079999999998812e-05,-0.014400000000000001
-1.039999999998811e-05,-0.014400000000000001
-9.9999999999881e-06,-0.016
-9.59999999998809e-06,-0.014
-9.19999999998808e-06,-0.0148
-8.79999999998807e-06,-0.015600000000000001
-8.399999999988061e-06,-0.014400000000000001
-7.999999999988051e-06,-0.0148
-7.599999999988042e-06,-0.014
-7.199999999988032e-06,-0.015600000000000001
-6.799999999988022e-06,-0.015600000000000001
-6.3999999999880125e-06,-0.0152
-5.999999999988003e-06,-0.014400000000000001
-5.599999999987993e-06,-0.0148
-5.199999999987983e-06,-0.0148
-4.799999999987974e-06,-0.018000000000000002
-4.399999999987964e-06,-0.0152
-3.999999999987954e-06,-0.015600000000000001
-3.5999999999879444e-06,-0.0148
-3.1999999999879347e-06,-0.0152
-2.799999999987925e-06,-0.015600000000000001
-2.3999999999879153e-06,-0.0164
-1.9999999999879055e-06,-0.015600000000000001
-1.5999999999878958e-06,-0.014400000000000001
-1.199999999987886e-06,-0.0164
-7.999999999878764e-07,-0.016
-3.9999999998786666e-07,-0.015600000000000001
1.214306433183765e-17,-0.0152
4.000000000121528e-07,-0.016800000000000002
8.000000000121625e-07,-0.0152
1.2000000000121722e-06,-0.015600000000000001
1.600000000012182e-06,-0.016800000000000002
2.0000000000121917e-06,-0.016
2.4000000000122014e-06,-0.0164
2.800000000012211e-06,-0.0152
3.200000000012221e-06,-0.014400000000000001
3.6000000000122306e-06,-0.0164
4.00000000001224e-06,-0.0164
4.40000000001225e-06,-0.015600000000000001
4.80000000001226e-06,-0.0164
5.2000000000122695e-06,-0.014400000000000001
5.600000000012279e-06,-0.016
6.000000000012289e-06,-0.016800000000000002
6.400000000012299e-06,-0.0164
6.800000000012308e-06,-0.0164
7.200000000012318e-06,-0.015600000000000001
7.600000000012328e-06,-0.018000000000000002
8.000000000012338e-06,-0.016
8.400000000012347e-06,-0.0172
8.800000000012357e-06,-0.0164
9.200000000012367e-06,-0.0164
9.600000000012376e-06,-0.016
1.0000000000012386e-05,-0.016800000000000002
1.0400000000012396e-05,-0.0164
1.0800000000012406e-05,-0.0152
1.1200000000012415e-05,-0.018000000000000002
1.1600000000012425e-05,-0.0164
1.2000000000012435e-05,-0.0148
1.2400000000012444e-05,-0.016
1.2800000000012454e-05,-0.0176
1.3200000000012464e-05,-0.0164
1.3600000000012474e-05,-0.018000000000000002
1.4000000000012483e-05,-0.0172
1.4400000000012493e-05,-0.016800000000000002
1.4800000000012503e-05,-0.0172
1.5200000000012513e-05,-0.016
1.5600000000012522e-05,-0.0152
1.6000000000012532e-05,-0.016800000000000002
1.6400000000012542e-05,-0.016
1.680000000001255e-05,-0.0172
1.720000000001256e-05,-0.016
1.760000000001257e-05,-0.0164
1.800000000001258e-05,-0.0152
1.840000000001259e-05,-0.0164
1.88000000000126e-05,-0.0172
1.920000000001261e-05,-0.018000000000000002
1.960000000001262e-05,-0.016800000000000002
2.000000000001263e-05,-0.016800000000000002
2.040000000001264e-05,-0.0172
2.080000000001265e-05,-0.016
2.120000000001266e-05,-0.0152
2.1600000000012668e-05,-0.0148
2.2000000000012678e-05,-0.0152
2.2400000000012688e-05,-0.016
2.2800000000012697e-05,-0.016
2.3200000000012707e-05,-0.016
2.3600000000012717e-05,-0.014400000000000001
2.4000000000012726e-05,-0.014400000000000001
2.4400000000012736e-05,-0.016
2.4800000000012746e-05,-0.0164
2.5200000000012756e-05,-0.0172
2.5600000000012765e-05,-0.016
2.6000000000012775e-05,-0.013600000000000001
2.6400000000012785e-05,-0.0164
2.6800000000012794e-05,-0.016
2.7200000000012804e-05,-0.0152
2.7600000000012814e-05,-0.014400000000000001
2.8000000000012824e-05,-0.0152
2.8400000000012833e-05,-0.016
2.8800000000012843e-05,-0.0172
2.9200000000012853e-05,-0.016800000000000002
2.9600000000012863e-05,-0.014400000000000001
3.0000000000012872e-05,-0.014400000000000001
3.0400000000012882e-05,-0.0164
3.080000000001289e-05,-0.0164
3.12000000000129e-05,-0.016
3.160000000001291e-05,-0.015600000000000001
3.200000000001292e-05,-0.015600000000000001
3.240000000001293e-05,-0.0152
3.280000000001294e-05,-0.0148
3.320000000001295e-05,-0.014400000000000001
3.360000000001296e-05,-0.014
3.400000000001297e-05,-0.014400000000000001
3.440000000001298e-05,-0.014
3.480000000001299e-05,-0.015600000000000001
3.5200000000013e-05,-0.013600000000000001
3.560000000001301e-05,-0.0132
3.600000000001302e-05,-0.015600000000000001
3.640000000001303e-05,-0.014400000000000001
3.680000000001304e-05,-0.015600000000000001
3.720000000001305e-05,-0.0128
3.760000000001306e-05,-0.0148
3.800000000001307e-05,-0.012400000000000001
3.8400000000013076e-05,-0.012400000000000001
3.8800000000013086e-05,-0.014
3.9200000000013096e-05,-0.014
3.9600000000013106e-05,-0.016
4.0000000000013115e-05,-0.014
4.0400000000013125e-05,-0.0148
4.0800000000013135e-05,-0.014400000000000001
4.1200000000013145e-05,-0.013600000000000001
4.1600000000013154e-05,-0.0148
4.2000000000013164e-05,-0.014
4.2400000000013174e-05,-0.011600000000000001
4.2800000000013183e-05,-0.0132
4.320000000001319e-05,-0.013600000000000001
4.36000000000132e-05,-0.0148
4.400000000001321e-05,-0.014
4.440000000001322e-05,-0.0128
4.480000000001323e-05,-0.012400000000000001
4.520000000001324e-05,-0.013600000000000001
4.560000000001325e-05,-0.0132
4.600000000001326e-05,-0.013600000000000001
4.640000000001327e-05,-0.012
4.680000000001328e-05,-0.012
4.720000000001329e-05,-0.014400000000000001
4.76000000000133e-05,-0.0132
4.800000000001331e-05,-0.012
4.840000000001332e-05,-0.012400000000000001
4.880000000001333e-05,-0.0128
4.920000000001334e-05,-0.0128
4.960000000001335e-05,-0.0128
5.000000000001336e-05,-0.010400000000000001
5.040000000001337e-05,-0.011600000000000001
5.080000000001338e-05,-0.0128
5.120000000001339e-05,-0.011600000000000001
5.16000000000134e-05,-0.012400000000000001
5.200000000001341e-05,-0.013600000000000001
5.240000000001342e-05,-0.012400000000000001
5.2800000000013426e-05,-0.0112
5.3200000000013436e-05,-0.011600000000000001
5.3600000000013446e-05,-0.0128
5.4000000000013456e-05,-0.012400000000000001
5.4400000000013465e-05,-0.011600000000000001
5.4800000000013475e-05,-0.0108
5.5200000000013485e-05,-0.010400000000000001
5.5600000000013495e-05,-0.0112
5.6000000000013504e-05,-0.01
5.6400000000013514e-05,-0.010400000000000001
5.6800000000013524e-05,-0.0108
5.7200000000013533e-05,-0.0108
5.760000000001354e-05,-0.009600000000000001
5.800000000001355e-05,-0.01
5.840000000001356e-05,-0.009600000000000001
5.880000000001357e-05,-0.010400000000000001
5.920000000001358e-05,-0.0088
5.960000000001359e-05,-0.0092
6.00000000000136e-05,-0.009600000000000001
6.040000000001361e-05,-0.0092
6.080000000001362e-05,-0.0092
6.120000000001363e-05,-0.0088
6.160000000001364e-05,-0.0088
6.200000000001365e-05,-0.0092
6.240000000001366e-05,-0.0088
6.280000000001367e-05,-0.0088
6.320000000001368e-05,-0.0076
6.360000000001369e-05,-0.008400000000000001
6.40000000000137e-05,-0.0092
6.440000000001371e-05,-0.0092
6.480000000001372e-05,-0.0088
6.520000000001373e-05,-0.008
6.560000000001374e-05,-0.008
6.600000000001375e-05,-0.008
6.640000000001376e-05,-0.009600000000000001
6.680000000001377e-05,-0.008
6.720000000001378e-05,-0.008
6.760000000001379e-05,-0.007200000000000001
6.80000000000138e-05,-0.0068000000000000005
6.84000000000138e-05,-0.007200000000000001
6.880000000001382e-05,-0.0068000000000000005
6.920000000001383e-05,-0.0068000000000000005
6.960000000001383e-05,-0.008
7.000000000001384e-05,-0.006
7.040000000001385e-05,-0.006
7.080000000001386e-05,-0.008
7.120000000001387e-05,-0.006
7.160000000001388e-05,-0.0068000000000000005
7.200000000001389e-05,-0.007200000000000001
7.24000000000139e-05,-0.006
7.280000000001391e-05,-0.0068000000000000005
7.320000000001392e-05,-0.0048000000000000004
7.360000000001393e-05,-0.0064
7.400000000001394e-05,-0.0064
7.440000000001395e-05,-0.0076
7.480000000001396e-05,-0.006
7.520000000001397e-05,-0.0048000000000000004
7.560000000001398e-05,-0.0056
7.600000000001399e-05,-0.0044
7.6400000000014e-05,-0.0044
7.680000000001401e-05,-0.0048000000000000004
7.720000000001402e-05,-0.0048000000000000004
7.760000000001403e-05,-0.0048000000000000004
7.800000000001404e-05,-0.0032
7.840000000001405e-05,-0.0032
7.880000000001406e-05,-0.005200000000000001
7.920000000001407e-05,-0.004
7.960000000001408e-05,-0.0048000000000000004
8.000000000001409e-05,-0.0036000000000000003
8.04000000000141e-05,-0.004
8.080000000001411e-05,-0.0048000000000000004
8.120000000001412e-05,-0.004
8.160000000001413e-05,-0.0056
8.200000000001414e-05,-0.0024000000000000002
8.240000000001415e-05,-0.0024000000000000002
8.280000000001416e-05,-0.002
8.320000000001417e-05,-0.0036000000000000003
8.360000000001418e-05,-0.0024000000000000002
8.400000000001418e-05,-0.0024000000000000002
8.44000000000142e-05,-0.0032
8.48000000000142e-05,-0.0016
8.520000000001421e-05,-0.002
8.560000000001422e-05,-0.0044
8.600000000001423e-05,-0.0024000000000000002
8.640000000001424e-05,-0.0012000000000000001
8.680000000001425e-05,-0.0032
8.720000000001426e-05,-0.0008
8.760000000001427e-05,-0.0036000000000000003
8.800000000001428e-05,-0.0016
8.840000000001429e-05,-0.0008
8.88000000000143e-05,-0.002
8.920000000001431e-05,-0.002
8.960000000001432e-05,-0.0024000000000000002
9.000000000001433e-05,-0.0008
9.040000000001434e-05,0.0004
9.080000000001435e-05,0.0
9.120000000001436e-05,0.0
9.160000000001437e-05,-0.0004
9.200000000001438e-05,-0.0008
9.240000000001439e-05,-0.0004
9.28000000000144e-05,0.0008
9.320000000001441e-05,-0.0012000000000000001
9.360000000001442e-05,0.0004
9.400000000001443e-05,0.0004
9.440000000001444e-05,0.0024000000000000002
9.480000000001445e-05,0.0008
9.520000000001446e-05,0.0008
9.560000000001447e-05,0.0016
9.600000000001448e-05,0.0004
9.640000000001449e-05,0.002
9.68000000000145e-05,0.0004
9.72000000000145e-05,-0.0004
9.760000000001452e-05,0.0012000000000000001
9.800000000001453e-05,0.0024000000000000002
9.840000000001453e-05,0.0028
9.880000000001454e-05,0.0028
9.920000000001455e-05,0.0024000000000000002
9.960000000001456e-05,0.0028
0.00010000000000001457,0.0012000000000000001
0.00010040000000001458,0.0032
0.00010080000000001459,0.0032
0.0001012000000000146,0.002
0.00010160000000001461,0.0024000000000000002
0.00010200000000001462,0.0044
0.00010240000000001463,0.004
0.00010280000000001464,0.0048000000000000004
0.00010320000000001465,0.0028
0.00010360000000001466,0.0036000000000000003
0.00010400000000001467,0.0032
0.00010440000000001468,0.0036000000000000003
0.00010480000000001469,0.0044
0.0001052000000000147,0.005200000000000001
0.00010560000000001471,0.0036000000000000003
0.00010600000000001472,0.005200000000000001
0.00010640000000001473,0.0036000000000000003
0.00010680000000001474,0.006
0.00010720000000001475,0.0048000000000000004
0.00010760000000001476,0.0056
0.00010800000000001477,0.0044
0.00010840000000001478,0.004
0.00010880000000001479,0.0044
0.0001092000000000148,0.0048000000000000004
0.00010960000000001481,0.006
0.00011000000000001482,0.0056
0.00011040000000001483,0.0048000000000000004
0.00011080000000001484,0.008
0.00011120000000001485,0.0068000000000000005
0.00011160000000001486,0.0056
0.00011200000000001487,0.0056
0.00011240000000001488,0.0048000000000000004
0.00011280000000001488,0.0076
0.0001132000000000149,0.006
0.0001136000000000149,0.0076
0.00011400000000001491,0.0076
0.00011440000000001492,0.0068000000000000005
0.00011480000000001493,0.008
0.00011520000000001494,0.0068000000000000005
0.00011560000000001495,0.008
0.00011600000000001496,0.0068000000000000005
0.00011640000000001497,0.0076
0.00011680000000001498,0.0068000000000000005
0.00011720000000001499,0.007200000000000001
0.000117600000000015,0.0076
0.00011800000000001501,0.0064
0.00011840000000001502,0.008
0.00011880000000001503,0.0088
0.00011920000000001504,0.007200000000000001
0.00011960000000001505,0.008400000000000001
0.00012000000000001506,0.007200000000000001
0.00012040000000001507,0.008400000000000001
0.00012080000000001508,0.010400000000000001
0.00012120000000001509,0.0076
0.0001216000000000151,0.008400000000000001
0.00012200000000001511,0.008400000000000001
0.00012240000000001512,0.009600000000000001
0.00012280000000001513,0.0092
0.00012320000000001514,0.008
0.00012360000000001515,0.009600000000000001
0.00012400000000001516,0.008
0.00012440000000001517,0.0092
0.00012480000000001518,0.0092
0.00012520000000001519,0.010400000000000001
0.0001256000000000152,0.009600000000000001
0.0001260000000000152,0.010400000000000001
0.00012640000000001522,0.0092
0.00012680000000001523,0.01
0.00012720000000001523,0.0076
0.00012760000000001524,0.01
0.00012800000000001525,0.0112
0.00012840000000001526,0.010400000000000001
0.00012880000000001527,0.0092
0.00012920000000001528,0.0112
0.0001296000000000153,0.010400000000000001
0.0001300000000000153,0.011600000000000001
0.0001304000000000153,0.011600000000000001
0.00013080000000001532,0.011600000000000001
0.00013120000000001533,0.011600000000000001
0.00013160000000001534,0.010400000000000001
0.00013200000000001535,0.012
0.00013240000000001536,0.0132
0.00013280000000001537,0.0108
0.00013320000000001538,0.0108
0.0001336000000000154,0.012400000000000001
0.0001340000000000154,0.0112
0.0001344000000000154,0.011600000000000001
0.00013480000000001542,0.011600000000000001
0.00013520000000001543,0.012
0.00013560000000001544,0.014
0.00013600000000001545,0.0132
0.00013640000000001546,0.012
0.00013680000000001547,0.0112
0.00013720000000001548,0.012
0.0001376000000000155,0.012
0.0001380000000000155,0.012400000000000001
0.0001384000000000155,0.012400000000000001
0.00013880000000001552,0.012
0.00013920000000001553,0.0132
0.00013960000000001554,0.014
0.00014000000000001555,0.0132
0.00014040000000001556,0.014
0.00014080000000001557,0.013600000000000001
0.00014120000000001558,0.011600000000000001
0.00014160000000001558,0.014400000000000001
0.0001420000000000156,0.015600000000000001
0.0001424000000000156,0.014400000000000001
0.00014280000000001561,0.014
0.00014320000000001562,0.0128
0.00014360000000001563,0.014
0.00014400000000001564,0.013600000000000001
0.00014440000000001565,0.0132
0.00014480000000001566,0.013600000000000001
0.00014520000000001567,0.013600000000000001
0.00014560000000001568,0.013600000000000001
0.0001460000000000157,0.014400000000000001
0.0001464000000000157,0.0148
0.0001468000000000157,0.014
0.00014720000000001572,0.012400000000000001
0.00014760000000001573,0.0132
0.00014800000000001574,0.013600000000000001
0.00014840000000001575,0.0148
0.00014880000000001576,0.014
0.00014920000000001577,0.0148
0.00014960000000001578,0.015600000000000001
0.0001500000000000158,0.015600000000000001
0.0001504000000000158,0.0164
0.0001508000000000158,0.0148
0.00015120000000001582,0.014
0.00015160000000001583,0.0152
0.00015200000000001584,0.0148
0.00015240000000001585,0.015600000000000001
0.00015280000000001586,0.015600000000000001
0.00015320000000001587,0.0164
0.00015360000000001588,0.0152
0.00015400000000001589,0.014400000000000001
0.0001544000000000159,0.0164
0.0001548000000000159,0.016
0.00015520000000001592,0.015600000000000001
0.00015560000000001593,0.0164
0.00015600000000001593,0.015600000000000001
0.00015640000000001594,0.0164
0.00015680000000001595,0.016
0.00015720000000001596,0.016
0.00015760000000001597,0.018000000000000002
0.00015800000000001598,0.0164
0.000158400000000016,0.016800000000000002
0.000158800000000016,0.0164
0.000159200000000016,0.0164
0.00015960000000001602,0.0164
0.00016000000000001603,0.0176
0.00016040000000001604,0.016
0.00016080000000001605,0.0148
0.00016120000000001606,0.0176
0.00016160000000001607,0.0152
0.00016200000000001608,0.016
0.0001624000000000161,0.016800000000000002
0.0001628000000000161,0.0184
0.0001632000000000161,0.016800000000000002
0.00016360000000001612,0.0176
0.00016400000000001613,0.015600000000000001
0.00016440000000001614,0.016800000000000002
0.00016480000000001615,0.0176
0.00016520000000001616,0.016800000000000002
0.00016560000000001617,0.016800000000000002
0.00016600000000001618,0.0172
0.0001664000000000162,0.016800000000000002
0.0001668000000000162,0.0172
0.0001672000000000162,0.0172
0.00016760000000001622,0.0164
0.00016800000000001623,0.016800000000000002
0.00016840000000001624,0.016800000000000002
0.00016880000000001625,0.0176
0.00016920000000001626,0.0172
0.00016960000000001627,0.0164
0.00017000000000001628,0.016
0.00017040000000001628,0.019200000000000002
0.0001708000000000163,0.0172
0.0001712000000000163,0.0172
0.00017160000000001631,0.018000000000000002
0.00017200000000001632,0.016
0.00017240000000001633,0.0176
0.00017280000000001634,0.019200000000000002
0.00017320000000001635,0.016800000000000002
0.00017360000000001636,0.015600000000000001
0.00017400000000001637,0.016800000000000002
0.00017440000000001638,0.018000000000000002
0.0001748000000000164,0.0188
0.0001752000000000164,0.018000000000000002
0.0001756000000000164,0.016800000000000002
0.00017600000000001642,0.016800000000000002
0.00017640000000001643,0.0184
0.00017680000000001644,0.0176
0.00017720000000001645,0.0172
0.00017760000000001646,0.0184
0.00017800000000001647,0.0172
0.00017840000000001648,0.0176
0.0001788000000000165,0.0184
0.0001792000000000165,0.016800000000000002
0.0001796000000000165,0.016
0.00018000000000001652,0.015600000000000001
0.00018040000000001653,0.0164
0.00018080000000001654,0.0172
0.00018120000000001655,0.0164
0.00018160000000001656,0.0172
0.00018200000000001657,0.016
0.00018240000000001658,0.016
0.00018280000000001659,0.015600000000000001
0.0001832000000000166,0.0164
0.0001836000000000166,0.0164
0.00018400000000001662,0.015600000000000001
0.00018440000000001663,0.018000000000000002
0.00018480000000001663,0.016800000000000002
0.00018520000000001664,0.0164
0.00018560000000001665,0.015600000000000001
0.00018600000000001666,0.016
0.00018640000000001667,0.0172
0.00018680000000001668,0.0164
0.0001872000000000167,0.0172
0.0001876000000000167,0.0152
0.0001880000000000167,0.0172
0.00018840000000001672,0.0176
0.00018880000000001673,0.0172
0.00018920000000001674,0.016800000000000002
0.00018960000000001675,0.016
0.00019000000000001676,0.016800000000000002
0.00019040000000001677,0.0172
0.00019080000000001678,0.016800000000000002
0.0001912000000000168,0.016800000000000002
0.0001916000000000168,0.0152
0.0001920000000000168,0.015600000000000001
0.00019240000000001682,0.016
0.00019280000000001683,0.0164
0.00019320000000001684,0.0164
0.00019360000000001685,0.0164
0.00019400000000001686,0.014400000000000001
0.00019440000000001687,0.018000000000000002
0.00019480000000001688,0.016
0.0001952000000000169,0.016800000000000002
0.0001956000000000169,0.016
0.0001960000000000169,0.0152
0.00019640000000001692,0.016800000000000002
0.00019680000000001693,0.0164
0.00019720000000001694,0.0164
0.00019760000000001695,0.015600000000000001
0.00019800000000001696,0.015600000000000001
0.00019840000000001697,0.016
0.00019880000000001698,0.0164
0.00019920000000001699,0.0148
0.000199600000000017,0.0148
0.000200000000000017,0.0148
0.00020040000000001701,0.015600000000000001
0.00020080000000001702,0.0152
0.00020120000000001703,0.0152
0.00020160000000001704,0.014
0.00020200000000001705,0.014
0.00020240000000001706,0.014400000000000001
0.00020280000000001707,0.0152
0.00020320000000001708,0.016
0.0002036000000000171,0.014400000000000001
0.0002040000000000171,0.016
0.0002044000000000171,0.014400000000000001
0.00020480000000001712,0.014
0.00020520000000001713,0.014400000000000001
0.00020560000000001714,0.0132
0.00020600000000001715,0.015600000000000001
0.00020640000000001716,0.0148
0.00020680000000001717,0.014400000000000001
0.00020720000000001718,0.016
0.0002076000000000172,0.014
0.0002080000000000172,0.0152
0.0002084000000000172,0.014
0.00020880000000001722,0.014400000000000001
0.00020920000000001723,0.014400000000000001
0.00020960000000001724,0.0152
0.00021000000000001725,0.014
0.00021040000000001726,0.012400000000000001
0.00021080000000001727,0.013600000000000001
0.00021120000000001728,0.0132
0.00021160000000001729,0.013600000000000001
0.0002120000000000173,0.0128
0.0002124000000000173,0.012
0.00021280000000001732,0.0148
0.00021320000000001733,0.014
0.00021360000000001734,0.012400000000000001
0.00021400000000001734,0.015600000000000001
0.00021440000000001735,0.0132
0.00021480000000001736,0.0128
0.00021520000000001737,0.0132
0.00021560000000001738,0.0128
0.0002160000000000174,0.0112
0.0002164000000000174,0.0132
0.0002168000000000174,0.0132
0.00021720000000001742,0.013600000000000001
0.00021760000000001743,0.012
0.00021800000000001744,0.0132
0.00021840000000001745,0.0128
0.00021880000000001746,0.013600000000000001
0.00021920000000001747,0.014
0.00021960000000001748,0.012
0.0002200000000000175,0.012
0.0002204000000000175,0.011600000000000001
0.0002208000000000175,0.012
0.00022120000000001752,0.012400000000000001
0.00022160000000001753,0.0112
0.00022200000000001754,0.011600000000000001
0.00022240000000001755,0.0108
0.00022280000000001756,0.011600000000000001
0.00022320000000001757,0.012400000000000001
0.00022360000000001758,0.0108
0.0002240000000000176,0.0132
0.0002244000000000176,0.01
0.0002248000000000176,0.0108
0.00022520000000001762,0.0108
0.00022560000000001763,0.010400000000000001
0.00022600000000001764,0.010400000000000001
0.00022640000000001765,0.012400000000000001
0.00022680000000001766,0.01
0.00022720000000001767,0.0108
0.00022760000000001768,0.010400000000000001
0.00022800000000001769,0.010400000000000001
0.0002284000000000177,0.01
0.0002288000000000177,0.0108
0.00022920000000001771,0.01
0.00022960000000001772,0.009600000000000001
0.00023000000000001773,0.010400000000000001
0.00023040000000001774,0.008
0.00023080000000001775,0.009600000000000001
0.00023120000000001776,0.0088
0.00023160000000001777,0.0092
0.00023200000000001778,0.008
0.0002324000000000178,0.008
0.0002328000000000178,0.0088
0.0002332000000000178,0.010400000000000001
0.00023360000000001782,0.0092
0.00023400000000001783,0.008400000000000001
0.00023440000000001784,0.0088
0.00023480000000001785,0.01
0.00023520000000001786,0.0076
0.00023560000000001787,0.0076
0.00023600000000001788,0.0076
0.0002364000000000179,0.0076
0.0002368000000000179,0.008
0.0002372000000000179,0.008
0.00023760000000001792,0.0064
0.00023800000000001793,0.0076
0.00023840000000001794,0.0068000000000000005
0.00023880000000001795,0.0064
0.00023920000000001796,0.006
0.00023960000000001797,0.0064
0.00024000000000001798,0.006
0.000240400000000018,0.0064
0.000240800000000018,0.0076
0.000241200000000018,0.008
0.00024160000000001802,0.0044
0.00024200000000001803,0.0068000000000000005
0.00024240000000001804,0.0056
0.00024280000000001804,0.006
0.00024320000000001805,0.0064
0.00024360000000001806,0.0064
0.00024400000000001807,0.0068000000000000005
0.0002444000000000181,0.0044
0.0002448000000000181,0.006
0.0002452000000000181,0.005200000000000001
0.0002456000000000181,0.007200000000000001
0.0002460000000000181,0.0068000000000000005
0.00024640000000001813,0.005200000000000001
0.00024680000000001814,0.005200000000000001
0.00024720000000001815,0.0044
0.00024760000000001816,0.0044
0.00024800000000001817,0.007200000000000001
0.0002484000000000182,0.0044
0.0002488000000000182,0.004
0.0002492000000000182,0.0048000000000000004
0.0002496000000000182,0.0048000000000000004
0.0002500000000000182,0.005200000000000001
0.00025040000000001823,0.004
0.00025080000000001824,0.0036000000000000003
0.00025120000000001825,0.0036000000000000003
0.00025160000000001826,0.0048000000000000004
0.00025200000000001827,0.0032
0.0002524000000000183,0.0032
0.0002528000000000183,0.002
0.0002532000000000183,0.004
0.0002536000000000183,0.002
0.0002540000000000183,0.0024000000000000002
0.0002544000000000183,0.0036000000000000003
0.00025480000000001834,0.0036000000000000003
0.00025520000000001835,0.0024000000000000002
0.00025560000000001836,0.0028
0.00025600000000001837,0.0012000000000000001
0.0002564000000000184,0.0012000000000000001
0.0002568000000000184,0.002
0.0002572000000000184,0.0004
0.0002576000000000184,0.0016
0.0002580000000000184,0.0012000000000000001
0.0002584000000000184,0.0004
0.00025880000000001843,0.0008
0.00025920000000001844,-0.0008
0.00025960000000001845,0.0024000000000000002
0.00026000000000001846,0.0004
0.00026040000000001847,0.0024000000000000002
0.0002608000000000185,0.0012000000000000001
0.0002612000000000185,0.0024000000000000002
0.0002616000000000185,0.0012000000000000001
0.0002620000000000185,0.0004
0.0002624000000000185,0.0
0.00026280000000001853,-0.0008
0.00026320000000001854,0.0
0.00026360000000001855,-0.0008
0.00026400000000001856,0.0004
0.00026440000000001857,-0.0012000000000000001
0.0002648000000000186,-0.0008
0.0002652000000000186,-0.0012000000000000001
0.0002656000000000186,0.0008
0.0002660000000000186,0.0004
0.0002664000000000186,-0.002
0.00026680000000001863,0.0
0.00026720000000001864,-0.0008
0.00026760000000001865,-0.0008
0.00026800000000001866,-0.0008
0.00026840000000001867,-0.0024000000000000002
0.0002688000000000187,-0.0016
0.0002692000000000187,-0.0016
0.0002696000000000187,-0.0016
0.0002700000000000187,-0.0028
0.0002704000000000187,-0.0032
0.0002708000000000187,-0.0036000000000000003
0.00027120000000001874,-0.0024000000000000002
0.00027160000000001874,-0.002
0.00027200000000001875,-0.0016
0.00027240000000001876,-0.004
0.0002728000000000188,-0.0028
0.0002732000000000188,-0.0024000000000000002
0.0002736000000000188,-0.0028
0.0002740000000000188,-0.0032
0.0002744000000000188,-0.004
0.0002748000000000188,-0.0036000000000000003
0.00027520000000001883,-0.0012000000000000001
0.00027560000000001884,-0.0036000000000000003
0.00027600000000001885,-0.002
0.00027640000000001886,-0.0036000000000000003
0.00027680000000001887,-0.0028
0.0002772000000000189,-0.005200000000000001
0.0002776000000000189,-0.0028
0.0002780000000000189,-0.005200000000000001
0.0002784000000000189,-0.006
0.0002788000000000189,-0.0032
0.00027920000000001893,-0.004
0.00027960000000001894,-0.0044
0.00028000000000001895,-0.0048000000000000004
0.00028040000000001896,-0.0056
0.00028080000000001897,-0.0056
0.000281200000000019,-0.0056
0.000281600000000019,-0.0044
0.000282000000000019,-0.005200000000000001
0.000282400000000019,-0.0068000000000000005
0.000282800000000019,-0.0056
0.000283200000000019,-0.005200000000000001
0.00028360000000001904,-0.0048000000000000004
0.00028400000000001905,-0.005200000000000001
0.00028440000000001906,-0.0064
0.00028480000000001907,-0.0044
0.0002852000000000191,-0.006
0.0002856000000000191,-0.0068000000000000005
0.0002860000000000191,-0.005200000000000001
0.0002864000000000191,-0.0064
0.0002868000000000191,-0.005200000000000001
0.0002872000000000191,-0.0076
0.00028760000000001913,-0.008
0.00028800000000001914,-0.006
0.00028840000000001915,-0.0076
0.00028880000000001916,-0.0064
0.00028920000000001917,-0.0076
0.0002896000000000192,-0.007200000000000001
0.0002900000000000192,-0.0088
0.0002904000000000192,-0.0076
0.0002908000000000192,-0.008400000000000001
0.0002912000000000192,-0.0064
0.00029160000000001923,-0.007200000000000001
0.00029200000000001924,-0.007200000000000001
0.00029240000000001925,-0.009600000000000001
0.00029280000000001926,-0.008
0.00029320000000001927,-0.0092
0.0002936000000000193,-0.0092
0.0002940000000000193,-0.0088
0.0002944000000000193,-0.009600000000000001
0.0002948000000000193,-0.01
0.0002952000000000193,-0.0092
0.00029560000000001933,-0.01
0.00029600000000001934,-0.008400000000000001
0.00029640000000001935,-0.01
0.00029680000000001936,-0.008400000000000001
0.00029720000000001937,-0.01
0.0002976000000000194,-0.01
0.0002980000000000194,-0.010400000000000001
0.0002984000000000194,-0.0108
0.0002988000000000194,-0.0112
0.0002992000000000194,-0.0112
0.0002996000000000194,-0.0112
0.00030000000000001944,-0.010400000000000001
0.00030040000000001944,-0.0112
0.00030080000000001945,-0.011600000000000001
0.00030120000000001946,-0.012400000000000001
0.0003016000000000195,-0.009600000000000001
0.0003020000000000195,-0.0128
0.0003024000000000195,-0.011600000000000001
0.0003028000000000195,-0.010400000000000001
0.0003032000000000195,-0.010400000000000001
0.0003036000000000195,-0.009600000000000001
0.00030400000000001953,-0.0128
0.00030440000000001954,-0.011600000000000001
0.00030480000000001955,-0.0108
0.00030520000000001956,-0.011600000000000001
0.00030560000000001957,-0.011600000000000001
0.0003060000000000196,-0.012400000000000001
0.0003064000000000196,-0.013600000000000001
0.0003068000000000196,-0.012
0.0003072000000000196,-0.0112
0.0003076000000000196,-0.012
0.00030800000000001963,-0.0112
0.00030840000000001964,-0.011600000000000001
0.00030880000000001965,-0.012400000000000001
0.00030920000000001966,-0.013600000000000001
0.00030960000000001967,-0.011600000000000001
0.0003100000000000197,-0.0112
0.0003104000000000197,-0.012400000000000001
0.0003108000000000197,-0.012
0.0003112000000000197,-0.014
0.0003116000000000197,-0.0112
0.0003120000000000197,-0.013600000000000001
0.00031240000000001974,-0.014
0.00031280000000001975,-0.012400000000000001
0.00031320000000001976,-0.014
0.00031360000000001977,-0.012400000000000001
0.0003140000000000198,-0.012400000000000001
0.0003144000000000198,-0.013600000000000001
0.0003148000000000198,-0.013600000000000001
0.0003152000000000198,-0.012400000000000001
0.0003156000000000198,-0.0128
0.0003160000000000198,-0.0132
0.00031640000000001983,-0.014
0.00031680000000001984,-0.0148
0.00031720000000001985,-0.0132
0.00031760000000001986,-0.014
0.00031800000000001987,-0.0148
0.0003184000000000199,-0.014400000000000001
0.0003188000000000199,-0.014
0.0003192000000000199,-0.013600000000000001
0.0003196000000000199,-0.014
0.0003200000000000199,-0.0128
0.00032040000000001993,-0.013600000000000001
0.00032080000000001994,-0.014
0.00032120000000001995,-0.015600000000000001
0.00032160000000001996,-0.0128
0.00032200000000001997,-0.013600000000000001
0.00032240000000002,-0.013600000000000001
0.00032280000000002,-0.016
0.00032320000000002,-0.014
0.00032360000000002,-0.0152
0.00032400000000002,-0.0148
0.00032440000000002003,-0.016
0.00032480000000002004,-0.014400000000000001
0.00032520000000002005,-0.016
0.00032560000000002006,-0.012400000000000001
0.00032600000000002007,-0.0152
0.0003264000000000201,-0.0148
0.0003268000000000201,-0.0152
0.0003272000000000201,-0.015600000000000001
0.0003276000000000201,-0.0128
0.0003280000000000201,-0.015600000000000001
0.0003284000000000201,-0.018000000000000002
0.00032880000000002014,-0.015600000000000001
0.00032920000000002014,-0.0164
0.00032960000000002015,-0.0176
0.00033000000000002016,-0.015600000000000001
0.0003304000000000202,-0.016
0.0003308000000000202,-0.015600000000000001
0.0003312000000000202,-0.0152
0.0003316000000000202,-0.0164
0.0003320000000000202,-0.014400000000000001
0.0003324000000000202,-0.0164
0.00033280000000002023,-0.015600000000000001
0.00033320000000002024,-0.014
0.00033360000000002025,-0.015600000000000001
0.00033400000000002026,-0.0164
0.00033440000000002027,-0.0172
0.0003348000000000203,-0.016800000000000002
0.0003352000000000203,-0.016800000000000002
0.0003356000000000203,-0.016
0.0003360000000000203,-0.016800000000000002
0.0003364000000000203,-0.0164
0.00033680000000002033,-0.015600000000000001
0.00033720000000002034,-0.016800000000000002
0.00033760000000002035,-0.0148
0.00033800000000002036,-0.016
0.00033840000000002037,-0.0172
0.0003388000000000204,-0.0172
0.0003392000000000204,-0.015600000000000001
0.0003396000000000204,-0.0164
0.0003400000000000204,-0.0152
0.0003404000000000204,-0.015600000000000001
0.0003408000000000204,-0.0148
0.00034120000000002044,-0.018000000000000002
0.00034160000000002045,-0.0184
0.00034200000000002046,-0.0152
0.00034240000000002047,-0.016
0.0003428000000000205,-0.0172
0.0003432000000000205,-0.0152
0.0003436000000000205,-0.016800000000000002
0.0003440000000000205,-0.0164
0.0003444000000000205,-0.0172
0.0003448000000000205,-0.0164
0.00034520000000002053,-0.016800000000000002
0.00034560000000002054,-0.016800000000000002
0.00034600000000002055,-0.015600000000000001
0.00034640000000002056,-0.0164
0.00034680000000002057,-0.0176
0.0003472000000000206,-0.016800000000000002
0.0003476000000000206,-0.016800000000000002
0.0003480000000000206,-0.016800000000000002
0.0003484000000000206,-0.016
0.0003488000000000206,-0.0176
0.00034920000000002063,-0.016
0.00034960000000002064,-0.0188
0.00035000000000002065,-0.0164
0.00035040000000002066,-0.016
0.00035080000000002067,-0.0176
0.0003512000000000207,-0.0152
0.0003516000000000207,-0.0184
0.0003520000000000207,-0.0152
0.0003524000000000207,-0.0152
0.0003528000000000207,-0.0172
0.00035320000000002073,-0.016800000000000002
0.00035360000000002074,-0.016
0.00035400000000002075,-0.0164
0.00035440000000002076,-0.015600000000000001
0.00035480000000002077,-0.015600000000000001
0.0003552000000000208,-0.015600000000000001
0.0003556000000000208,-0.016
0.0003560000000000208,-0.016
0.0003564000000000208,-0.015600000000000001
0.0003568000000000208,-0.0172
0.0003572000000000208,-0.0152
0.00035760000000002084,-0.0164
0.00035800000000002084,-0.014400000000000001
0.00035840000000002085,-0.0176
0.00035880000000002086,-0.0172
0.0003592000000000209,-0.016
0.0003596000000000209,-0.0164
0.0003600000000000209,-0.015600000000000001
0.0003604000000000209,-0.015600000000000001
0.0003608000000000209,-0.015600000000000001
0.0003612000000000209,-0.015600000000000001
0.00036160000000002093,-0.0148
0.00036200000000002094,-0.014400000000000001
0.00036240000000002095,-0.016
0.00036280000000002096,-0.0164
0.00036320000000002097,-0.014
0.000363600000000021,-0.014400000000000001
0.000364000000000021,-0.0164
0.000364400000000021,-0.014400000000000001
0.000364800000000021,-0.014400000000000001
0.000365200000000021,-0.016
0.00036560000000002103,-0.014400000000000001
0.00036600000000002104,-0.016
0.00036640000000002105,-0.015600000000000001
0.00036680000000002106,-0.014400000000000001
0.00036720000000002107,-0.0152
0.0003676000000000211,-0.015600000000000001
0.0003680000000000211,-0.016
0.0003684000000000211,-0.0148
0.0003688000000000211,-0.013600000000000001
0.0003692000000000211,-0.013600000000000001
0.0003696000000000211,-0.015600000000000001
0.00037000000000002114,-0.015600000000000001
0.00037040000000002115,-0.0148
0.00037080000000002116,-0.015600000000000001
0.00037120000000002117,-0.014400000000000001
0.0003716000000000212,-0.014
0.0003720000000000212,-0.0152
0.0003724000000000212,-0.013600000000000001
0.0003728000000000212,-0.014400000000000001
0.0003732000000000212,-0.014400000000000001
0.0003736000000000212,-0.014400000000000001
0.00037400000000002123,-0.0148
0.00037440000000002124,-0.014
0.00037480000000002125,-0.014400000000000001
0.00037520000000002126,-0.0132
0.00037560000000002127,-0.0132
0.0003760000000000213,-0.0128
0.0003764000000000213,-0.0132
0.0003768000000000213,-0.0148
0.0003772000000000213,-0.013600000000000001
0.0003776000000000213,-0.0128
0.00037800000000002133,-0.013600000000000001
0.00037840000000002134,-0.0148
0.00037880000000002135,-0.0132
0.00037920000000002136,-0.011600000000000001
0.00037960000000002137,-0.012400000000000001
0.0003800000000000214,-0.013600000000000001
0.0003804000000000214,-0.011600000000000001
0.0003808000000000214,-0.012400000000000001
0.0003812000000000214,-0.012400000000000001
0.0003816000000000214,-0.014400000000000001
0.00038200000000002143,-0.013600000000000001
0.00038240000000002144,-0.0128
0.00038280000000002145,-0.012
0.00038320000000002146,-0.0128
0.00038360000000002147,-0.0128
0.0003840000000000215,-0.0128
0.0003844000000000215,-0.012400000000000001
0.0003848000000000215,-0.012
0.0003852000000000215,-0.0112
0.0003856000000000215,-0.0112
0.0003860000000000215,-0.012400000000000001
0.00038640000000002154,-0.0108
0.00038680000000002154,-0.010400000000000001
0.00038720000000002155,-0.010400000000000001
0.00038760000000002156,-0.009600000000000001
0.0003880000000000216,-0.011600000000000001
0.0003884000000000216,-0.0108
0.0003888000000000216,-0.0112
0.0003892000000000216,-0.009600000000000001
0.0003896000000000216,-0.012
0.0003900000000000216,-0.010400000000000001
0.00039040000000002163,-0.009600000000000001
0.00039080000000002164,-0.0088
0.00039120000000002165,-0.0108
0.00039160000000002166,-0.01
0.00039200000000002167,-0.01
0.0003924000000000217,-0.0092
0.0003928000000000217,-0.010400000000000001
0.0003932000000000217,-0.0112
0.0003936000000000217,-0.01
0.0003940000000000217,-0.01
0.00039440000000002173,-0.0088
0.00039480000000002174,-0.009600000000000001
0.00039520000000002175,-0.0108
0.00039560000000002176,-0.0108
0.00039600000000002177,-0.0092
0.0003964000000000218,-0.009600000000000001
0.0003968000000000218,-0.008400000000000001
0.0003972000000000218,-0.0088
0.0003976000000000218,-0.008400000000000001
0.0003980000000000218,-0.008
0.0003984000000000218,-0.008400000000000001
0.00039880000000002184,-0.0088
0.00039920000000002185,-0.0076
0.00039960000000002186,-0.01
0.00040000000000002187,-0.008400000000000001
0.0004004000000000219,-0.007200000000000001
0.0004008000000000219,-0.0068000000000000005
0.0004012000000000219,-0.005200000000000001
0.0004016000000000219,-0.007200000000000001
0.0004020000000000219,-0.008400000000000001
0.0004024000000000219,-0.008
0.00040280000000002193,-0.008400000000000001
0.00040320000000002194,-0.008
0.00040360000000002195,-0.006
0.00040400000000002196,-0.0076
0.00040440000000002197,-0.0068000000000000005
0.000404800000000022,-0.0064
0.000405200000000022,-0.0076
0.000405600000000022,-0.0076
0.000406000000000022,-0.0064
0.000406400000000022,-0.007200000000000001
0.00040680000000002203,-0.0056
0.00040720000000002204,-0.0068000000000000005
0.00040760000000002205,-0.005200000000000001
0.00040800000000002206,-0.006
0.00040840000000002207,-0.006
0.0004088000000000221,-0.0048000000000000004
0.0004092000000000221,-0.0056
0.0004096000000000221,-0.0056
0.0004100000000000221,-0.0044
0.0004104000000000221,-0.0044
0.00041080000000002213,-0.0048000000000000004
0.00041120000000002214,-0.0036000000000000003
0.00041160000000002215,-0.0036000000000000003
0.00041200000000002216,-0.0048000000000000004
0.00041240000000002217,-0.0036000000000000003
0.0004128000000000222,-0.0036000000000000003
0.0004132000000000222,-0.005200000000000001
0.0004136000000000222,-0.0012000000000000001
0.0004140000000000222,-0.0024000000000000002
0.0004144000000000222,-0.0032
0.0004148000000000222,-0.0036000000000000003
0.00041520000000002224,-0.005200000000000001
0.00041560000000002225,-0.0036000000000000003
0.00041600000000002225,-0.0044
0.00041640000000002226,-0.0036000000000000003
0.0004168000000000223,-0.0036000000000000003
0.0004172000000000223,-0.0028
0.0004176000000000223,-0.0024000000000000002
0.0004180000000000223,-0.002
0.0004184000000000223,-0.002
0.0004188000000000223,-0.0024000000000000002
0.00041920000000002233,-0.0016
0.00041960000000002234,-0.0024000000000000002
0.00042000000000002235,-0.0024000000000000002
0.00042040000000002236,-0.0016
0.00042080000000002237,-0.0004
0.0004212000000000224,-0.0016
0.0004216000000000224,-0.0024000000000000002
0.0004220000000000224,-0.0008
0.0004224000000000224,-0.0012000000000000001
0.0004228000000000224,-0.0024000000000000002
0.00042320000000002243,0.0008
0.00042360000000002244,-0.0004
0.00042400000000002245,0.0008
0.00042440000000002246,0.0008
0.00042480000000002247,-0.0004
0.0004252000000000225,0.0004
0.0004256000000000225,0.0016
0.0004260000000000225,0.0
0.0004264000000000225,0.0008
0.0004268000000000225,0.0004
0.0004272000000000225,0.0004
0.00042760000000002254,-0.0012000000000000001
0.00042800000000002255,0.0008
0.00042840000000002256,0.0012000000000000001
0.00042880000000002257,0.0012000000000000001
0.0004292000000000226,0.0016
0.0004296000000000226,0.0032
0.0004300000000000226,0.0008
0.0004304000000000226,0.0036000000000000003
0.0004308000000000226,0.0012000000000000001
0.0004312000000000226,0.0024000000000000002
0.00043160000000002263,0.0024000000000000002
0.00043200000000002264,0.0012000000000000001
0.00043240000000002265,0.0032
0.00043280000000002266,0.0016
0.00043320000000002267,0.0024000000000000002
0.0004336000000000227,0.0044
0.0004340000000000227,0.0028
0.0004344000000000227,0.0036000000000000003
0.0004348000000000227,0.0024000000000000002
0.0004352000000000227,0.0036000000000000003
0.00043560000000002273,0.0056
0.00043600000000002274,0.0032
0.00043640000000002275,0.0044
0.00043680000000002276,0.0028
0.00043720000000002277,0.0036000000000000003
0.0004376000000000228,0.0036000000000000003
0.0004380000000000228,0.004
0.0004384000000000228,0.0044
0.0004388000000000228,0.0056
0.0004392000000000228,0.0056
0.00043960000000002283,0.005200000000000001
0.00044000000000002284,0.0032
0.00044040000000002285,0.004
0.00044080000000002286,0.0048000000000000004
0.00044120000000002287,0.0044
0.0004416000000000229,0.0044
0.0004420000000000229,0.005200000000000001
0.0004424000000000229,0.005200000000000001
0.0004428000000000229,0.004
0.0004432000000000229,0.006
0.0004436000000000229,0.007200000000000001
0.00044400000000002294,0.007200000000000001
0.00044440000000002295,0.005200000000000001
0.00044480000000002295,0.006
0.00044520000000002296,0.006
0.000445600000000023,0.0056
0.000446000000000023,0.0068000000000000005
0.000446400000000023,0.0064
0.000446800000000023,0.0064
0.000447200000000023,0.007200000000000001
0.000447600000000023,0.0088
0.00044800000000002303,0.006
0.00044840000000002304,0.0076
0.00044880000000002305,0.007200000000000001
0.00044920000000002306,0.0068000000000000005
0.00044960000000002307,0.0068000000000000005
0.0004500000000000231,0.0088
0.0004504000000000231,0.008
0.0004508000000000231,0.0068000000000000005
0.0004512000000000231,0.008400000000000001
0.0004516000000000231,0.0076
0.00045200000000002313,0.0068000000000000005
0.00045240000000002314,0.008
0.00045280000000002315,0.008
0.00045320000000002316,0.0064
0.00045360000000002317,0.008
0.0004540000000000232,0.008
0.0004544000000000232,0.0088
0.0004548000000000232,0.008400000000000001
0.0004552000000000232,0.0092
0.0004556000000000232,0.0092
0.0004560000000000232,0.0088
0.00045640000000002324,0.009600000000000001
0.00045680000000002325,0.010400000000000001
0.00045720000000002326,0.008
0.00045760000000002327,0.0088
0.0004580000000000233,0.0112
0.0004584000000000233,0.009600000000000001
0.0004588000000000233,0.010400000000000001
0.0004592000000000233,0.0088
0.0004596000000000233,0.01
0.0004600000000000233,0.010400000000000001
0.00046040000000002333,0.011600000000000001
0.00046080000000002334,0.0088
0.00046120000000002335,0.01
0.00046160000000002336,0.0092
0.00046200000000002337,0.010400000000000001
0.0004624000000000234,0.01
0.0004628000000000234,0.0112
0.0004632000000000234,0.011600000000000001
0.0004636000000000234,0.0092
0.0004640000000000234,0.0112
0.00046440000000002343,0.0112
0.00046480000000002344,0.010400000000000001
0.00046520000000002345,0.0112
0.00046560000000002346,0.0132
0.00046600000000002347,0.0128
0.0004664000000000235,0.0108
0.0004668000000000235,0.012
0.0004672000000000235,0.012
0.0004676000000000235,0.013600000000000001
0.0004680000000000235,0.011600000000000001
0.00046840000000002353,0.0132
0.00046880000000002354,0.0112
0.00046920000000002355,0.012
0.00046960000000002356,0.014
0.00047000000000002357,0.0132
0.0004704000000000236,0.0132
0.0004708000000000236,0.0132
0.0004712000000000236,0.012
0.0004716000000000236,0.0128
0.0004720000000000236,0.014
0.0004724000000000236,0.0132
0.00047280000000002364,0.011600000000000001
0.00047320000000002365,0.014400000000000001
0.00047360000000002365,0.013600000000000001
0.00047400000000002366,0.014
0.0004744000000000237,0.013600000000000001
0.0004748000000000237,0.012400000000000001
0.0004752000000000237,0.014400000000000001
0.0004756000000000237,0.012400000000000001
0.0004760000000000237,0.013600000000000001
0.0004764000000000237,0.012400000000000001
0.00047680000000002373,0.0128
0.00047720000000002374,0.013600000000000001
0.00047760000000002375,0.014400000000000001
0.00047800000000002376,0.014400000000000001
0.00047840000000002377,0.0148
0.0004788000000000238,0.013600000000000001
0.0004792000000000238,0.0128
0.0004796000000000238,0.0152
0.0004800000000000238,0.014400000000000001
0.0004804000000000238,0.0152
0.00048080000000002383,0.013600000000000001
0.00048120000000002384,0.0152
0.00048160000000002385,0.014
0.00048200000000002386,0.0148
0.00048240000000002387,0.013600000000000001
0.0004828000000000239,0.014400000000000001
0.0004832000000000239,0.013600000000000001
0.0004836000000000239,0.014400000000000001
0.0004840000000000239,0.015600000000000001
0.0004844000000000239,0.0152
0.0004848000000000239,0.0164
0.00048520000000002394,0.015600000000000001
0.00048560000000002395,0.016
0.00048600000000002396,0.015600000000000001
0.00048640000000002397,0.0148
0.000486800000000024,0.0152
0.000487200000000024,0.0152
0.000487600000000024,0.014
0.000488000000000024,0.0152
0.000488400000000024,0.014
0.000488800000000024,0.016
0.000489200000000024,0.0148
0.000489600000000024,0.0164
0.000490000000000024,0.016800000000000002
0.0004904000000000241,0.0164
0.0004908000000000241,0.016
0.0004912000000000241,0.014400000000000001
0.0004916000000000241,0.0172
0.0004920000000000241,0.0164
0.0004924000000000241,0.0152
0.0004928000000000241,0.0152
0.0004932000000000241,0.0148
0.0004936000000000241,0.0172
0.0004940000000000242,0.015600000000000001
0.0004944000000000242,0.0172
0.0004948000000000242,0.015600000000000001
0.0004952000000000242,0.016
0.0004956000000000242,0.0172
0.0004960000000000242,0.0164
0.0004964000000000242,0.0172
0.0004968000000000242,0.0152
0.0004972000000000242,0.0164
0.0004976000000000242,0.015600000000000001
0.0004980000000000242,0.016800000000000002
0.0004984000000000243,0.016800000000000002
0.0004988000000000243,0.016
0.0004992000000000243,0.016800000000000002
0.0004996000000000243,0.016800000000000002
0.0005000000000000243,0.0164
