-0.0001249,-0.68
-0.0001248,-0.68
-0.0001247,-0.72
-0.0001246,-0.66
-0.0001245,-0.68
-0.0001244,-0.68
-0.00012429999999999999,-0.68
-0.00012419999999999998,-0.7000000000000001
-0.00012409999999999998,-0.66
-0.00012399999999999998,-0.68
-0.00012389999999999998,-0.66
-0.00012379999999999997,-0.68
-0.00012369999999999997,-0.68
-0.00012359999999999997,-0.7000000000000001
-0.00012349999999999997,-0.66
-0.00012339999999999996,-0.68
-0.00012329999999999996,-0.68
-0.00012319999999999996,-0.68
-0.00012309999999999996,-0.7000000000000001
-0.00012299999999999995,-0.66
-0.00012289999999999995,-0.64
-0.00012279999999999995,-0.62
-0.00012269999999999995,-0.7000000000000001
-0.00012259999999999994,-0.66
-0.00012249999999999994,-0.64
-0.00012239999999999994,-0.66
-0.00012229999999999994,-0.64
-0.00012219999999999993,-0.62
-0.00012209999999999993,-0.64
-0.00012199999999999993,-0.62
-0.00012189999999999993,-0.62
-0.00012179999999999992,-0.64
-0.00012169999999999992,-0.62
-0.00012159999999999992,-0.6
-0.00012149999999999992,-0.64
-0.00012139999999999992,-0.58
-0.00012129999999999991,-0.62
-0.00012119999999999991,-0.62
-0.00012109999999999991,-0.58
-0.0001209999999999999,-0.58
-0.0001208999999999999,-0.62
-0.0001207999999999999,-0.58
-0.0001206999999999999,-0.6
-0.0001205999999999999,-0.6
-0.00012049999999999989,-0.56
-0.00012039999999999989,-0.6
-0.00012029999999999989,-0.6
-0.00012019999999999989,-0.6
-0.00012009999999999988,-0.56
-0.00011999999999999988,-0.58
-0.00011989999999999988,-0.56
-0.00011979999999999988,-0.58
-0.00011969999999999987,-0.58
-0.00011959999999999987,-0.54
-0.00011949999999999987,-0.54
-0.00011939999999999987,-0.58
-0.00011929999999999986,-0.54
-0.00011919999999999986,-0.54
-0.00011909999999999986,-0.54
-0.00011899999999999986,-0.56
-0.00011889999999999985,-0.56
-0.00011879999999999985,-0.54
-0.00011869999999999985,-0.58
-0.00011859999999999985,-0.54
-0.00011849999999999984,-0.52
-0.00011839999999999984,-0.56
-0.00011829999999999984,-0.52
-0.00011819999999999984,-0.52
-0.00011809999999999983,-0.52
-0.00011799999999999983,-0.54
-0.00011789999999999983,-0.54
-0.00011779999999999983,-0.5
-0.00011769999999999983,-0.52
-0.00011759999999999982,-0.52
-0.00011749999999999982,-0.5
-0.00011739999999999982,-0.5
-0.00011729999999999982,-0.5
-0.00011719999999999981,-0.5
-0.00011709999999999981,-0.5
-0.00011699999999999981,-0.48
-0.0001168999999999998,-0.48
-0.0001167999999999998,-0.48
-0.0001166999999999998,-0.44
-0.0001165999999999998,-0.46
-0.0001164999999999998,-0.48
-0.0001163999999999998,-0.48
-0.00011629999999999979,-0.46
-0.00011619999999999979,-0.46
-0.00011609999999999979,-0.46
-0.00011599999999999978,-0.46
-0.00011589999999999978,-0.46
-0.00011579999999999978,-0.44
-0.00011569999999999978,-0.44
-0.00011559999999999977,-0.42
-0.00011549999999999977,-0.44
-0.00011539999999999977,-0.46
-0.00011529999999999977,-0.42
-0.00011519999999999976,-0.4
-0.00011509999999999976,-0.42
-0.00011499999999999976,-0.44
-0.00011489999999999976,-0.44
-0.00011479999999999975,-0.4
-0.00011469999999999975,-0.42
-0.00011459999999999975,-0.4
-0.00011449999999999975,-0.4
-0.00011439999999999974,-0.4
-0.00011429999999999974,-0.38
-0.00011419999999999974,-0.38
-0.00011409999999999974,-0.38
-0.00011399999999999974,-0.38
-0.00011389999999999973,-0.36
-0.00011379999999999973,-0.36
-0.00011369999999999973,-0.4
-0.00011359999999999973,-0.36
-0.00011349999999999972,-0.36
-0.00011339999999999972,-0.38
-0.00011329999999999972,-0.34
-0.00011319999999999972,-0.38
-0.00011309999999999971,-0.36
-0.00011299999999999971,-0.38
-0.00011289999999999971,-0.36
-0.0001127999999999997,-0.34
-0.0001126999999999997,-0.34
-0.0001125999999999997,-0.36
-0.0001124999999999997,-0.34
-0.0001123999999999997,-0.34
-0.0001122999999999997,-0.34
-0.00011219999999999969,-0.32
-0.00011209999999999969,-0.32
-0.00011199999999999969,-0.28
-0.00011189999999999968,-0.28
-0.00011179999999999968,-0.28
-0.00011169999999999968,-0.32
-0.00011159999999999968,-0.28
-0.00011149999999999967,-0.28
-0.00011139999999999967,-0.3
-0.00011129999999999967,-0.28
-0.00011119999999999967,-0.26
-0.00011109999999999966,-0.26
-0.00011099999999999966,-0.28
-0.00011089999999999966,-0.28
-0.00011079999999999966,-0.26
-0.00011069999999999966,-0.28
-0.00011059999999999965,-0.24
-0.00011049999999999965,-0.26
-0.00011039999999999965,-0.26
-0.00011029999999999965,-0.24
-0.00011019999999999964,-0.24
-0.00011009999999999964,-0.26
-0.00010999999999999964,-0.22
-0.00010989999999999964,-0.24
-0.00010979999999999963,-0.22
-0.00010969999999999963,-0.22
-0.00010959999999999963,-0.18
-0.00010949999999999963,-0.2
-0.00010939999999999962,-0.22
-0.00010929999999999962,-0.2
-0.00010919999999999962,-0.16
-0.00010909999999999962,-0.2
-0.00010899999999999961,-0.18
-0.00010889999999999961,-0.18
-0.00010879999999999961,-0.22
-0.0001086999999999996,-0.18
-0.0001085999999999996,-0.16
-0.0001084999999999996,-0.16
-0.0001083999999999996,-0.14
-0.0001082999999999996,-0.16
-0.0001081999999999996,-0.14
-0.00010809999999999959,-0.16
-0.00010799999999999959,-0.14
-0.00010789999999999959,-0.14
-0.00010779999999999958,-0.12
-0.00010769999999999958,-0.16
-0.00010759999999999958,-0.12
-0.00010749999999999958,-0.1
-0.00010739999999999957,-0.1
-0.00010729999999999957,-0.12
-0.00010719999999999957,-0.1
-0.00010709999999999957,-0.08
-0.00010699999999999957,-0.08
-0.00010689999999999956,-0.08
-0.00010679999999999956,-0.1
-0.00010669999999999956,-0.06
-0.00010659999999999956,-0.06
-0.00010649999999999955,-0.06
-0.00010639999999999955,-0.06
-0.00010629999999999955,-0.06
-0.00010619999999999955,-0.06
-0.00010609999999999954,-0.06
-0.00010599999999999954,-0.06
-0.00010589999999999954,-0.04
-0.00010579999999999954,-0.06
-0.00010569999999999953,-0.04
-0.00010559999999999953,-0.04
-0.00010549999999999953,-0.06
-0.00010539999999999953,0.02
-0.00010529999999999952,-0.04
-0.00010519999999999952,0.0
-0.00010509999999999952,-0.02
-0.00010499999999999952,-0.02
-0.00010489999999999951,0.02
-0.00010479999999999951,0.0
-0.00010469999999999951,0.0
-0.0001045999999999995,0.02
-0.0001044999999999995,-0.02
-0.0001043999999999995,0.0
-0.0001042999999999995,0.02
-0.0001041999999999995,0.04
-0.0001040999999999995,0.02
-0.00010399999999999949,0.06
-0.00010389999999999949,0.04
-0.00010379999999999949,0.04
-0.00010369999999999948,0.06
-0.00010359999999999948,0.04
-0.00010349999999999948,0.04
-0.00010339999999999948,0.04
-0.00010329999999999948,0.08
-0.00010319999999999947,0.08
-0.00010309999999999947,0.1
-0.00010299999999999947,0.1
-0.00010289999999999947,0.1
-0.00010279999999999946,0.1
-0.00010269999999999946,0.08
-0.00010259999999999946,0.1
-0.00010249999999999946,0.12
-0.00010239999999999945,0.1
-0.00010229999999999945,0.14
-0.00010219999999999945,0.1
-0.00010209999999999945,0.14
-0.00010199999999999944,0.14
-0.00010189999999999944,0.12
-0.00010179999999999944,0.14
-0.00010169999999999944,0.14
-0.00010159999999999943,0.14
-0.00010149999999999943,0.14
-0.00010139999999999943,0.14
-0.00010129999999999943,0.18
-0.00010119999999999942,0.16
-0.00010109999999999942,0.2
-0.00010099999999999942,0.2
-0.00010089999999999942,0.2
-0.00010079999999999941,0.16
-0.00010069999999999941,0.2
-0.00010059999999999941,0.2
-0.00010049999999999941,0.22
-0.0001003999999999994,0.22
-0.0001002999999999994,0.2
-0.0001001999999999994,0.22
-0.0001000999999999994,0.18
-9.99999999999994e-05,0.22
-9.989999999999939e-05,0.24
-9.979999999999939e-05,0.22
-9.969999999999939e-05,0.22
-9.959999999999939e-05,0.26
-9.949999999999938e-05,0.24
-9.939999999999938e-05,0.22
-9.929999999999938e-05,0.28
-9.919999999999938e-05,0.24
-9.909999999999937e-05,0.24
-9.899999999999937e-05,0.24
-9.889999999999937e-05,0.22
-9.879999999999937e-05,0.28
-9.869999999999936e-05,0.28
-9.859999999999936e-05,0.3
-9.849999999999936e-05,0.3
-9.839999999999936e-05,0.3
-9.829999999999935e-05,0.28
-9.819999999999935e-05,0.3
-9.809999999999935e-05,0.3
-9.799999999999935e-05,0.32
-9.789999999999934e-05,0.32
-9.779999999999934e-05,0.32
-9.769999999999934e-05,0.3
-9.759999999999934e-05,0.34
-9.749999999999933e-05,0.34
-9.739999999999933e-05,0.32
-9.729999999999933e-05,0.34
-9.719999999999933e-05,0.32
-9.709999999999932e-05,0.34
-9.699999999999932e-05,0.34
-9.689999999999932e-05,0.34
-9.679999999999932e-05,0.38
-9.669999999999931e-05,0.34
-9.659999999999931e-05,0.34
-9.649999999999931e-05,0.36
-9.639999999999931e-05,0.36
-9.62999999999993e-05,0.36
-9.61999999999993e-05,0.38
-9.60999999999993e-05,0.38
-9.59999999999993e-05,0.38
-9.58999999999993e-05,0.38
-9.579999999999929e-05,0.38
-9.569999999999929e-05,0.34
-9.559999999999929e-05,0.38
-9.549999999999929e-05,0.42
-9.539999999999928e-05,0.4
-9.529999999999928e-05,0.4
-9.519999999999928e-05,0.42
-9.509999999999928e-05,0.42
-9.499999999999927e-05,0.42
-9.489999999999927e-05,0.42
-9.479999999999927e-05,0.42
-9.469999999999927e-05,0.42
-9.459999999999926e-05,0.44
-9.449999999999926e-05,0.42
-9.439999999999926e-05,0.44
-9.429999999999926e-05,0.46
-9.419999999999925e-05,0.44
-9.409999999999925e-05,0.48
-9.399999999999925e-05,0.48
-9.389999999999925e-05,0.48
-9.379999999999924e-05,0.46
-9.369999999999924e-05,0.48
-9.359999999999924e-05,0.48
-9.349999999999924e-05,0.46
-9.339999999999923e-05,0.5
-9.329999999999923e-05,0.5
-9.319999999999923e-05,0.48
-9.309999999999923e-05,0.5
-9.299999999999922e-05,0.48
-9.289999999999922e-05,0.52
-9.279999999999922e-05,0.5
-9.269999999999922e-05,0.48
-9.259999999999922e-05,0.52
-9.249999999999921e-05,0.48
-9.239999999999921e-05,0.5
-9.229999999999921e-05,0.52
-9.21999999999992e-05,0.52
-9.20999999999992e-05,0.52
-9.19999999999992e-05,0.54
-9.18999999999992e-05,0.54
-9.17999999999992e-05,0.54
-9.169999999999919e-05,0.54
-9.159999999999919e-05,0.52
-9.149999999999919e-05,0.54
-9.139999999999919e-05,0.54
-9.129999999999918e-05,0.54
-9.119999999999918e-05,0.54
-9.109999999999918e-05,0.56
-9.099999999999918e-05,0.54
-9.089999999999917e-05,0.56
-9.079999999999917e-05,0.56
-9.069999999999917e-05,0.54
-9.059999999999917e-05,0.56
-9.049999999999916e-05,0.58
-9.039999999999916e-05,0.56
-9.029999999999916e-05,0.6
-9.019999999999916e-05,0.58
-9.009999999999915e-05,0.58
-8.999999999999915e-05,0.6
-8.989999999999915e-05,0.6
-8.979999999999915e-05,0.6
-8.969999999999914e-05,0.6
-8.959999999999914e-05,0.6
-8.949999999999914e-05,0.6
-8.939999999999914e-05,0.6
-8.929999999999913e-05,0.6
-8.919999999999913e-05,0.6
-8.909999999999913e-05,0.6
-8.899999999999913e-05,0.6
-8.889999999999913e-05,0.64
-8.879999999999912e-05,0.6
-8.869999999999912e-05,0.64
-8.859999999999912e-05,0.62
-8.849999999999912e-05,0.62
-8.839999999999911e-05,0.6
-8.829999999999911e-05,0.62
-8.819999999999911e-05,0.62
-8.80999999999991e-05,0.62
-8.79999999999991e-05,0.62
-8.78999999999991e-05,0.64
-8.77999999999991e-05,0.64
-8.76999999999991e-05,0.64
-8.75999999999991e-05,0.64
-8.749999999999909e-05,0.64
-8.739999999999909e-05,0.64
-8.729999999999909e-05,0.68
-8.719999999999908e-05,0.66
-8.709999999999908e-05,0.66
-8.699999999999908e-05,0.66
-8.689999999999908e-05,0.68
-8.679999999999907e-05,0.66
-8.669999999999907e-05,0.68
-8.659999999999907e-05,0.68
-8.649999999999907e-05,0.68
-8.639999999999906e-05,0.66
-8.629999999999906e-05,0.64
-8.619999999999906e-05,0.7000000000000001
-8.609999999999906e-05,0.68
-8.599999999999905e-05,0.68
-8.589999999999905e-05,0.68
-8.579999999999905e-05,0.66
-8.569999999999905e-05,0.66
-8.559999999999904e-05,0.7000000000000001
-8.549999999999904e-05,0.7000000000000001
-8.539999999999904e-05,0.68
-8.529999999999904e-05,0.7000000000000001
-8.519999999999904e-05,0.66
-8.509999999999903e-05,0.7000000000000001
-8.499999999999903e-05,0.68
-8.489999999999903e-05,0.72
-8.479999999999903e-05,0.68
-8.469999999999902e-05,0.7000000000000001
-8.459999999999902e-05,0.68
-8.449999999999902e-05,0.7000000000000001
-8.439999999999902e-05,0.72
-8.429999999999901e-05,0.68
-8.419999999999901e-05,0.66
-8.409999999999901e-05,0.7000000000000001
-8.3999999999999e-05,0.68
-8.3899999999999e-05,0.72
-8.3799999999999e-05,0.7000000000000001
-8.3699999999999e-05,0.68
-8.3599999999999e-05,0.68
-8.3499999999999e-05,0.72
-8.339999999999899e-05,0.74
-8.329999999999899e-05,0.72
-8.319999999999899e-05,0.68
-8.309999999999898e-05,0.7000000000000001
-8.299999999999898e-05,0.74
-8.289999999999898e-05,0.7000000000000001
-8.279999999999898e-05,0.7000000000000001
-8.269999999999897e-05,0.7000000000000001
-8.259999999999897e-05,0.7000000000000001
-8.249999999999897e-05,0.72
-8.239999999999897e-05,0.72
-8.229999999999896e-05,0.72
-8.219999999999896e-05,0.7000000000000001
-8.209999999999896e-05,0.72
-8.199999999999896e-05,0.74
-8.189999999999895e-05,0.72
-8.179999999999895e-05,0.74
-8.169999999999895e-05,0.72
-8.159999999999895e-05,0.7000000000000001
-8.149999999999895e-05,0.74
-8.139999999999894e-05,0.72
-8.129999999999894e-05,0.74
-8.119999999999894e-05,0.72
-8.109999999999894e-05,0.74
-8.099999999999893e-05,0.7000000000000001
-8.089999999999893e-05,0.74
-8.079999999999893e-05,0.74
-8.069999999999893e-05,0.72
-8.059999999999892e-05,0.74
-8.049999999999892e-05,0.74
-8.039999999999892e-05,0.72
-8.029999999999892e-05,0.72
-8.019999999999891e-05,0.74
-8.009999999999891e-05,0.74
-7.999999999999891e-05,0.74
-7.98999999999989e-05,0.74
-7.97999999999989e-05,0.72
-7.96999999999989e-05,0.74
-7.95999999999989e-05,0.7000000000000001
-7.94999999999989e-05,0.72
-7.93999999999989e-05,0.7000000000000001
-7.929999999999889e-05,0.74
-7.919999999999889e-05,0.74
-7.909999999999889e-05,0.72
-7.899999999999888e-05,0.74
-7.889999999999888e-05,0.74
-7.879999999999888e-05,0.72
-7.869999999999888e-05,0.72
-7.859999999999887e-05,0.74
-7.849999999999887e-05,0.72
-7.839999999999887e-05,0.7000000000000001
-7.829999999999887e-05,0.74
-7.819999999999887e-05,0.68
-7.809999999999886e-05,0.72
-7.799999999999886e-05,0.72
-7.789999999999886e-05,0.72
-7.779999999999886e-05,0.74
-7.769999999999885e-05,0.72
-7.759999999999885e-05,0.72
-7.749999999999885e-05,0.74
-7.739999999999885e-05,0.7000000000000001
-7.729999999999884e-05,0.74
-7.719999999999884e-05,0.72
-7.709999999999884e-05,0.72
-7.699999999999884e-05,0.74
-7.689999999999883e-05,0.74
-7.679999999999883e-05,0.7000000000000001
-7.669999999999883e-05,0.72
-7.659999999999883e-05,0.72
-7.649999999999882e-05,0.7000000000000001
-7.639999999999882e-05,0.72
-7.629999999999882e-05,0.72
-7.619999999999882e-05,0.68
-7.609999999999881e-05,0.74
-7.599999999999881e-05,0.7000000000000001
-7.589999999999881e-05,0.7000000000000001
-7.57999999999988e-05,0.72
-7.56999999999988e-05,0.72
-7.55999999999988e-05,0.72
-7.54999999999988e-05,0.7000000000000001
-7.53999999999988e-05,0.68
-7.52999999999988e-05,0.68
-7.519999999999879e-05,0.7000000000000001
-7.509999999999879e-05,0.7000000000000001
-7.499999999999879e-05,0.7000000000000001
-7.489999999999878e-05,0.7000000000000001
-7.479999999999878e-05,0.68
-7.469999999999878e-05,0.7000000000000001
-7.459999999999878e-05,0.7000000000000001
-7.449999999999878e-05,0.7000000000000001
-7.439999999999877e-05,0.68
-7.429999999999877e-05,0.68
-7.419999999999877e-05,0.7000000000000001
-7.409999999999877e-05,0.7000000000000001
-7.399999999999876e-05,0.68
-7.389999999999876e-05,0.68
-7.379999999999876e-05,0.7000000000000001
-7.369999999999876e-05,0.66
-7.359999999999875e-05,0.7000000000000001
-7.349999999999875e-05,0.7000000000000001
-7.339999999999875e-05,0.68
-7.329999999999875e-05,0.68
-7.319999999999874e-05,0.68
-7.309999999999874e-05,0.72
-7.299999999999874e-05,0.66
-7.289999999999874e-05,0.7000000000000001
-7.279999999999873e-05,0.66
-7.269999999999873e-05,0.64
-7.259999999999873e-05,0.64
-7.249999999999873e-05,0.66
-7.239999999999872e-05,0.66
-7.229999999999872e-05,0.64
-7.219999999999872e-05,0.66
-7.209999999999872e-05,0.64
-7.199999999999871e-05,0.64
-7.189999999999871e-05,0.62
-7.179999999999871e-05,0.64
-7.169999999999871e-05,0.64
-7.15999999999987e-05,0.66
-7.14999999999987e-05,0.62
-7.13999999999987e-05,0.64
-7.12999999999987e-05,0.62
-7.11999999999987e-05,0.62
-7.109999999999869e-05,0.62
-7.099999999999869e-05,0.58
-7.089999999999869e-05,0.62
-7.079999999999869e-05,0.62
-7.069999999999868e-05,0.62
-7.059999999999868e-05,0.6
-7.049999999999868e-05,0.6
-7.039999999999868e-05,0.62
-7.029999999999867e-05,0.6
-7.019999999999867e-05,0.6
-7.009999999999867e-05,0.62
-6.999999999999867e-05,0.62
-6.989999999999866e-05,0.62
-6.979999999999866e-05,0.6
-6.969999999999866e-05,0.56
-6.959999999999866e-05,0.6
-6.949999999999865e-05,0.58
-6.939999999999865e-05,0.58
-6.929999999999865e-05,0.58
-6.919999999999865e-05,0.54
-6.909999999999864e-05,0.6
-6.899999999999864e-05,0.56
-6.889999999999864e-05,0.56
-6.879999999999864e-05,0.56
-6.869999999999863e-05,0.56
-6.859999999999863e-05,0.54
-6.849999999999863e-05,0.56
-6.839999999999863e-05,0.56
-6.829999999999862e-05,0.56
-6.819999999999862e-05,0.56
-6.809999999999862e-05,0.52
-6.799999999999862e-05,0.54
-6.789999999999861e-05,0.52
-6.779999999999861e-05,0.52
-6.769999999999861e-05,0.5
-6.759999999999861e-05,0.52
-6.74999999999986e-05,0.54
-6.73999999999986e-05,0.5
-6.72999999999986e-05,0.52
-6.71999999999986e-05,0.5
-6.70999999999986e-05,0.5
-6.699999999999859e-05,0.5
-6.689999999999859e-05,0.52
-6.679999999999859e-05,0.5
-6.669999999999859e-05,0.48
-6.659999999999858e-05,0.48
-6.649999999999858e-05,0.48
-6.639999999999858e-05,0.5
-6.629999999999858e-05,0.46
-6.619999999999857e-05,0.46
-6.609999999999857e-05,0.46
-6.599999999999857e-05,0.46
-6.589999999999857e-05,0.5
-6.579999999999856e-05,0.5
-6.569999999999856e-05,0.46
-6.559999999999856e-05,0.46
-6.549999999999856e-05,0.44
-6.539999999999855e-05,0.46
-6.529999999999855e-05,0.46
-6.519999999999855e-05,0.44
-6.509999999999855e-05,0.42
-6.499999999999854e-05,0.44
-6.489999999999854e-05,0.46
-6.479999999999854e-05,0.44
-6.469999999999854e-05,0.42
-6.459999999999853e-05,0.42
-6.449999999999853e-05,0.42
-6.439999999999853e-05,0.44
-6.429999999999853e-05,0.42
-6.419999999999852e-05,0.4
-6.409999999999852e-05,0.38
-6.399999999999852e-05,0.38
-6.389999999999852e-05,0.4
-6.379999999999852e-05,0.4
-6.369999999999851e-05,0.38
-6.359999999999851e-05,0.4
-6.349999999999851e-05,0.4
-6.33999999999985e-05,0.4
-6.32999999999985e-05,0.36
-6.31999999999985e-05,0.36
-6.30999999999985e-05,0.4
-6.29999999999985e-05,0.36
-6.289999999999849e-05,0.38
-6.279999999999849e-05,0.36
-6.269999999999849e-05,0.34
-6.259999999999849e-05,0.34
-6.249999999999848e-05,0.36
-6.239999999999848e-05,0.32
-6.229999999999848e-05,0.34
-6.219999999999848e-05,0.34
-6.209999999999847e-05,0.34
-6.199999999999847e-05,0.34
-6.189999999999847e-05,0.32
-6.179999999999847e-05,0.34
-6.169999999999846e-05,0.32
-6.159999999999846e-05,0.3
-6.149999999999846e-05,0.32
-6.139999999999846e-05,0.28
-6.129999999999845e-05,0.28
-6.119999999999845e-05,0.28
-6.109999999999845e-05,0.3
-6.099999999999845e-05,0.3
-6.0899999999998445e-05,0.28
-6.079999999999844e-05,0.28
-6.069999999999844e-05,0.26
-6.059999999999844e-05,0.26
-6.0499999999998435e-05,0.28
-6.039999999999843e-05,0.28
-6.029999999999843e-05,0.28
-6.019999999999843e-05,0.24
-6.0099999999998425e-05,0.24
-5.999999999999842e-05,0.22
-5.989999999999842e-05,0.24
-5.979999999999842e-05,0.22
-5.9699999999998415e-05,0.24
-5.959999999999841e-05,0.24
-5.949999999999841e-05,0.2
-5.939999999999841e-05,0.2
-5.9299999999998406e-05,0.2
-5.91999999999984e-05,0.22
-5.90999999999984e-05,0.2
-5.89999999999984e-05,0.18
-5.8899999999998396e-05,0.18
-5.8799999999998393e-05,0.2
-5.869999999999839e-05,0.22
-5.859999999999839e-05,0.18
-5.8499999999998386e-05,0.18
-5.8399999999998384e-05,0.18
-5.829999999999838e-05,0.18
-5.819999999999838e-05,0.14
-5.8099999999998376e-05,0.16
-5.7999999999998374e-05,0.16
-5.789999999999837e-05,0.16
-5.779999999999837e-05,0.16
-5.769999999999837e-05,0.14
-5.7599999999998364e-05,0.16
-5.749999999999836e-05,0.12
-5.739999999999836e-05,0.14
-5.729999999999836e-05,0.12
-5.7199999999998355e-05,0.12
-5.709999999999835e-05,0.12
-5.699999999999835e-05,0.12
-5.689999999999835e-05,0.14
-5.6799999999998345e-05,0.12
-5.669999999999834e-05,0.1
-5.659999999999834e-05,0.12
-5.649999999999834e-05,0.12
-5.6399999999998335e-05,0.1
-5.629999999999833e-05,0.12
-5.619999999999833e-05,0.08
-5.609999999999833e-05,0.08
-5.5999999999998325e-05,0.04
-5.589999999999832e-05,0.08
-5.579999999999832e-05,0.08
-5.569999999999832e-05,0.04
-5.5599999999998316e-05,0.04
-5.549999999999831e-05,0.06
-5.539999999999831e-05,0.06
-5.529999999999831e-05,0.04
-5.5199999999998306e-05,0.02
-5.5099999999998304e-05,0.02
-5.49999999999983e-05,0.0
-5.48999999999983e-05,0.02
-5.4799999999998296e-05,0.02
-5.4699999999998294e-05,0.0
-5.459999999999829e-05,0.02
-5.449999999999829e-05,0.0
-5.4399999999998287e-05,0.0
-5.4299999999998284e-05,0.0
-5.419999999999828e-05,0.02
-5.409999999999828e-05,-0.02
-5.399999999999828e-05,-0.04
-5.3899999999998274e-05,-0.02
-5.379999999999827e-05,-0.02
-5.369999999999827e-05,-0.02
-5.359999999999827e-05,-0.02
-5.3499999999998265e-05,-0.02
-5.339999999999826e-05,-0.06
-5.329999999999826e-05,-0.04
-5.319999999999826e-05,-0.02
-5.3099999999998255e-05,-0.04
-5.299999999999825e-05,-0.08
-5.289999999999825e-05,-0.06
-5.279999999999825e-05,-0.08
-5.2699999999998245e-05,-0.1
-5.259999999999824e-05,-0.08
-5.249999999999824e-05,-0.1
-5.239999999999824e-05,-0.08
-5.2299999999998235e-05,-0.08
-5.219999999999823e-05,-0.08
-5.209999999999823e-05,-0.12
-5.199999999999823e-05,-0.1
-5.1899999999998226e-05,-0.1
-5.179999999999822e-05,-0.14
-5.169999999999822e-05,-0.14
-5.159999999999822e-05,-0.12
-5.1499999999998216e-05,-0.14
-5.1399999999998214e-05,-0.12
-5.129999999999821e-05,-0.14
-5.119999999999821e-05,-0.16
-5.1099999999998206e-05,-0.16
-5.0999999999998204e-05,-0.16
-5.08999999999982e-05,-0.16
-5.07999999999982e-05,-0.16
-5.0699999999998197e-05,-0.18
-5.0599999999998194e-05,-0.16
-5.049999999999819e-05,-0.18
-5.039999999999819e-05,-0.18
-5.029999999999819e-05,-0.2
-5.0199999999998184e-05,-0.2
-5.009999999999818e-05,-0.2
-4.999999999999818e-05,-0.2
-4.989999999999818e-05,-0.18
-4.9799999999998175e-05,-0.2
-4.969999999999817e-05,-0.18
-4.959999999999817e-05,-0.22
-4.949999999999817e-05,-0.24
-4.9399999999998165e-05,-0.24
-4.929999999999816e-05,-0.2
-4.919999999999816e-05,-0.24
-4.909999999999816e-05,-0.26
-4.8999999999998155e-05,-0.28
-4.889999999999815e-05,-0.24
-4.879999999999815e-05,-0.26
-4.869999999999815e-05,-0.24
-4.8599999999998146e-05,-0.26
-4.849999999999814e-05,-0.28
-4.839999999999814e-05,-0.24
-4.829999999999814e-05,-0.28
-4.8199999999998136e-05,-0.32
-4.8099999999998133e-05,-0.3
-4.799999999999813e-05,-0.3
-4.789999999999813e-05,-0.3
-4.7799999999998126e-05,-0.28
-4.7699999999998124e-05,-0.3
-4.759999999999812e-05,-0.32
-4.749999999999812e-05,-0.32
-4.7399999999998116e-05,-0.3
-4.7299999999998114e-05,-0.3
-4.719999999999811e-05,-0.3
-4.709999999999811e-05,-0.32
-4.699999999999811e-05,-0.32
-4.6899999999998104e-05,-0.3
-4.67999999999981e-05,-0.32
-4.66999999999981e-05,-0.32
-4.65999999999981e-05,-0.36
-4.6499999999998095e-05,-0.34
-4.639999999999809e-05,-0.34
-4.629999999999809e-05,-0.34
-4.619999999999809e-05,-0.36
-4.6099999999998085e-05,-0.38
-4.599999999999808e-05,-0.34
-4.589999999999808e-05,-0.36
-4.579999999999808e-05,-0.36
-4.5699999999998075e-05,-0.36
-4.559999999999807e-05,-0.36
-4.549999999999807e-05,-0.4
-4.539999999999807e-05,-0.4
-4.5299999999998065e-05,-0.4
-4.519999999999806e-05,-0.4
-4.509999999999806e-05,-0.38
-4.499999999999806e-05,-0.4
-4.4899999999998056e-05,-0.4
-4.479999999999805e-05,-0.4
-4.469999999999805e-05,-0.42
-4.459999999999805e-05,-0.42
-4.4499999999998046e-05,-0.42
-4.4399999999998043e-05,-0.42
-4.429999999999804e-05,-0.44
-4.419999999999804e-05,-0.46
-4.4099999999998036e-05,-0.44
-4.3999999999998034e-05,-0.42
-4.389999999999803e-05,-0.42
-4.379999999999803e-05,-0.44
-4.3699999999998026e-05,-0.46
-4.3599999999998024e-05,-0.46
-4.349999999999802e-05,-0.46
-4.339999999999802e-05,-0.48
-4.329999999999802e-05,-0.46
-4.3199999999998014e-05,-0.48
-4.309999999999801e-05,-0.44
-4.299999999999801e-05,-0.5
-4.289999999999801e-05,-0.48
-4.2799999999998005e-05,-0.48
-4.2699999999998e-05,-0.46
-4.2599999999998e-05,-0.52
-4.2499999999998e-05,-0.5
-4.2399999999997995e-05,-0.48
-4.229999999999799e-05,-0.48
-4.219999999999799e-05,-0.5
-4.209999999999799e-05,-0.52
-4.1999999999997985e-05,-0.52
-4.189999999999798e-05,-0.48
-4.179999999999798e-05,-0.52
-4.169999999999798e-05,-0.52
-4.1599999999997975e-05,-0.5
-4.149999999999797e-05,-0.54
-4.139999999999797e-05,-0.52
-4.129999999999797e-05,-0.54
-4.1199999999997966e-05,-0.52
-4.109999999999796e-05,-0.52
-4.099999999999796e-05,-0.54
-4.089999999999796e-05,-0.5
-4.0799999999997956e-05,-0.52
-4.0699999999997954e-05,-0.56
-4.059999999999795e-05,-0.58
-4.049999999999795e-05,-0.52
-4.0399999999997946e-05,-0.54
-4.0299999999997944e-05,-0.56
-4.019999999999794e-05,-0.56
-4.009999999999794e-05,-0.56
-3.9999999999997937e-05,-0.54
-3.9899999999997934e-05,-0.54
-3.979999999999793e-05,-0.58
-3.969999999999793e-05,-0.54
-3.959999999999793e-05,-0.58
-3.9499999999997924e-05,-0.62
-3.939999999999792e-05,-0.58
-3.929999999999792e-05,-0.56
-3.919999999999792e-05,-0.58
-3.9099999999997915e-05,-0.6
-3.899999999999791e-05,-0.6
-3.889999999999791e-05,-0.6
-3.879999999999791e-05,-0.56
-3.8699999999997905e-05,-0.58
-3.85999999999979e-05,-0.6
-3.84999999999979e-05,-0.6
-3.83999999999979e-05,-0.58
-3.8299999999997895e-05,-0.58
-3.819999999999789e-05,-0.64
-3.809999999999789e-05,-0.62
-3.799999999999789e-05,-0.62
-3.7899999999997885e-05,-0.62
-3.779999999999788e-05,-0.62
-3.769999999999788e-05,-0.6
-3.759999999999788e-05,-0.64
-3.7499999999997876e-05,-0.62
-3.739999999999787e-05,-0.64
-3.729999999999787e-05,-0.6
-3.719999999999787e-05,-0.64
-3.7099999999997866e-05,-0.6
-3.6999999999997864e-05,-0.62
-3.689999999999786e-05,-0.62
-3.679999999999786e-05,-0.62
-3.6699999999997856e-05,-0.62
-3.6599999999997854e-05,-0.64
-3.649999999999785e-05,-0.64
-3.639999999999785e-05,-0.64
-3.6299999999997847e-05,-0.62
-3.6199999999997844e-05,-0.7000000000000001
-3.609999999999784e-05,-0.66
-3.599999999999784e-05,-0.66
-3.589999999999784e-05,-0.66
-3.5799999999997834e-05,-0.66
-3.569999999999783e-05,-0.66
-3.559999999999783e-05,-0.66
-3.549999999999783e-05,-0.68
-3.5399999999997825e-05,-0.68
-3.529999999999782e-05,-0.66
-3.519999999999782e-05,-0.7000000000000001
-3.509999999999782e-05,-0.68
-3.4999999999997815e-05,-0.68
-3.489999999999781e-05,-0.66
-3.479999999999781e-05,-0.64
-3.469999999999781e-05,-0.68
-3.4599999999997805e-05,-0.66
-3.44999999999978e-05,-0.7000000000000001
-3.43999999999978e-05,-0.68
-3.42999999999978e-05,-0.7000000000000001
-3.4199999999997796e-05,-0.7000000000000001
-3.409999999999779e-05,-0.68
-3.399999999999779e-05,-0.7000000000000001
-3.389999999999779e-05,-0.7000000000000001
-3.3799999999997786e-05,-0.66
-3.369999999999778e-05,-0.66
-3.359999999999778e-05,-0.68
-3.349999999999778e-05,-0.7000000000000001
-3.3399999999997776e-05,-0.72
-3.3299999999997774e-05,-0.7000000000000001
-3.319999999999777e-05,-0.68
-3.309999999999777e-05,-0.7000000000000001
-3.2999999999997766e-05,-0.72
-3.2899999999997764e-05,-0.66
-3.279999999999776e-05,-0.68
-3.269999999999776e-05,-0.7000000000000001
-3.259999999999776e-05,-0.7000000000000001
-3.2499999999997754e-05,-0.7000000000000001
-3.239999999999775e-05,-0.68
-3.229999999999775e-05,-0.66
-3.219999999999775e-05,-0.7000000000000001
-3.2099999999997744e-05,-0.72
-3.199999999999774e-05,-0.72
-3.189999999999774e-05,-0.72
-3.179999999999774e-05,-0.68
-3.1699999999997735e-05,-0.7000000000000001
-3.159999999999773e-05,-0.72
-3.149999999999773e-05,-0.74
-3.139999999999773e-05,-0.7000000000000001
-3.1299999999997725e-05,-0.7000000000000001
-3.119999999999772e-05,-0.74
-3.109999999999772e-05,-0.7000000000000001
-3.099999999999772e-05,-0.7000000000000001
-3.0899999999997715e-05,-0.7000000000000001
-3.079999999999771e-05,-0.72
-3.069999999999771e-05,-0.68
-3.059999999999771e-05,-0.7000000000000001
-3.0499999999997706e-05,-0.72
-3.0399999999997703e-05,-0.72
-3.02999999999977e-05,-0.7000000000000001
-3.0199999999997698e-05,-0.7000000000000001
-3.0099999999997696e-05,-0.7000000000000001
-2.9999999999997693e-05,-0.7000000000000001
-2.989999999999769e-05,-0.72
-2.979999999999769e-05,-0.72
-2.9699999999997686e-05,-0.72
-2.9599999999997684e-05,-0.74
-2.949999999999768e-05,-0.7000000000000001
-2.939999999999768e-05,-0.68
-2.9299999999997676e-05,-0.72
-2.9199999999997674e-05,-0.7000000000000001
-2.909999999999767e-05,-0.7000000000000001
-2.899999999999767e-05,-0.7000000000000001
-2.8899999999997667e-05,-0.7000000000000001
-2.8799999999997664e-05,-0.7000000000000001
-2.8699999999997662e-05,-0.7000000000000001
-2.859999999999766e-05,-0.72
-2.8499999999997657e-05,-0.7000000000000001
-2.8399999999997655e-05,-0.72
-2.8299999999997652e-05,-0.7000000000000001
-2.819999999999765e-05,-0.72
-2.8099999999997647e-05,-0.7000000000000001
-2.7999999999997645e-05,-0.7000000000000001
-2.7899999999997642e-05,-0.7000000000000001
-2.779999999999764e-05,-0.7000000000000001
-2.7699999999997638e-05,-0.72
-2.7599999999997635e-05,-0.7000000000000001
-2.7499999999997633e-05,-0.7000000000000001
-2.739999999999763e-05,-0.7000000000000001
-2.7299999999997628e-05,-0.7000000000000001
-2.7199999999997625e-05,-0.7000000000000001
-2.7099999999997623e-05,-0.7000000000000001
-2.699999999999762e-05,-0.7000000000000001
-2.6899999999997618e-05,-0.68
-2.6799999999997616e-05,-0.7000000000000001
-2.6699999999997613e-05,-0.74
-2.659999999999761e-05,-0.7000000000000001
-2.649999999999761e-05,-0.68
-2.6399999999997606e-05,-0.7000000000000001
-2.6299999999997604e-05,-0.68
-2.61999999999976e-05,-0.7000000000000001
-2.60999999999976e-05,-0.7000000000000001
-2.5999999999997596e-05,-0.68
-2.5899999999997594e-05,-0.7000000000000001
-2.579999999999759e-05,-0.66
-2.569999999999759e-05,-0.7000000000000001
-2.5599999999997586e-05,-0.7000000000000001
-2.5499999999997584e-05,-0.7000000000000001
-2.539999999999758e-05,-0.7000000000000001
-2.529999999999758e-05,-0.66
-2.5199999999997577e-05,-0.7000000000000001
-2.5099999999997574e-05,-0.68
-2.4999999999997572e-05,-0.66
-2.489999999999757e-05,-0.7000000000000001
-2.4799999999997567e-05,-0.68
-2.4699999999997565e-05,-0.68
-2.4599999999997562e-05,-0.68
-2.449999999999756e-05,-0.68
-2.4399999999997557e-05,-0.66
-2.4299999999997555e-05,-0.68
-2.4199999999997552e-05,-0.68
-2.409999999999755e-05,-0.68
-2.3999999999997548e-05,-0.68
-2.3899999999997545e-05,-0.66
-2.3799999999997543e-05,-0.68
-2.369999999999754e-05,-0.7000000000000001
-2.3599999999997538e-05,-0.68
-2.3499999999997535e-05,-0.7000000000000001
-2.3399999999997533e-05,-0.68
-2.329999999999753e-05,-0.68
-2.3199999999997528e-05,-0.68
-2.3099999999997526e-05,-0.66
-2.2999999999997523e-05,-0.64
-2.289999999999752e-05,-0.64
-2.279999999999752e-05,-0.66
-2.2699999999997516e-05,-0.66
-2.2599999999997514e-05,-0.66
-2.249999999999751e-05,-0.64
-2.239999999999751e-05,-0.64
-2.2299999999997506e-05,-0.62
-2.2199999999997504e-05,-0.64
-2.20999999999975e-05,-0.64
-2.19999999999975e-05,-0.64
-2.1899999999997497e-05,-0.62
-2.1799999999997494e-05,-0.62
-2.1699999999997492e-05,-0.6
-2.159999999999749e-05,-0.62
-2.1499999999997487e-05,-0.58
-2.1399999999997484e-05,-0.6
-2.1299999999997482e-05,-0.6
-2.119999999999748e-05,-0.62
-2.1099999999997477e-05,-0.6
-2.0999999999997475e-05,-0.6
-2.0899999999997472e-05,-0.58
-2.079999999999747e-05,-0.58
-2.0699999999997467e-05,-0.58
-2.0599999999997465e-05,-0.58
-2.0499999999997463e-05,-0.6
-2.039999999999746e-05,-0.56
-2.0299999999997458e-05,-0.58
-2.0199999999997455e-05,-0.56
-2.0099999999997453e-05,-0.56
-1.999999999999745e-05,-0.56
-1.9899999999997448e-05,-0.58
-1.9799999999997446e-05,-0.54
-1.9699999999997443e-05,-0.58
-1.959999999999744e-05,-0.56
-1.9499999999997438e-05,-0.56
-1.9399999999997436e-05,-0.54
-1.9299999999997433e-05,-0.54
-1.919999999999743e-05,-0.52
-1.909999999999743e-05,-0.56
-1.8999999999997426e-05,-0.54
-1.8899999999997424e-05,-0.5
-1.879999999999742e-05,-0.54
-1.869999999999742e-05,-0.56
-1.8599999999997416e-05,-0.56
-1.8499999999997414e-05,-0.52
-1.839999999999741e-05,-0.5
-1.829999999999741e-05,-0.52
-1.8199999999997407e-05,-0.52
-1.8099999999997404e-05,-0.52
-1.7999999999997402e-05,-0.5
-1.78999999999974e-05,-0.5
-1.7799999999997397e-05,-0.52
-1.7699999999997394e-05,-0.5
-1.7599999999997392e-05,-0.48
-1.749999999999739e-05,-0.5
-1.7399999999997387e-05,-0.5
-1.7299999999997385e-05,-0.52
-1.7199999999997382e-05,-0.5
-1.709999999999738e-05,-0.5
-1.6999999999997377e-05,-0.5
-1.6899999999997375e-05,-0.46
-1.6799999999997373e-05,-0.48
-1.669999999999737e-05,-0.5
-1.6599999999997368e-05,-0.5
-1.6499999999997365e-05,-0.48
-1.6399999999997363e-05,-0.5
-1.629999999999736e-05,-0.46
-1.6199999999997358e-05,-0.44
-1.6099999999997356e-05,-0.48
-1.5999999999997353e-05,-0.5
-1.589999999999735e-05,-0.44
-1.5799999999997348e-05,-0.42
-1.5699999999997346e-05,-0.44
-1.5599999999997343e-05,-0.44
-1.549999999999734e-05,-0.42
-1.539999999999734e-05,-0.44
-1.5299999999997336e-05,-0.42
-1.5199999999997334e-05,-0.46
-1.5099999999997331e-05,-0.42
-1.4999999999997329e-05,-0.4
-1.4899999999997326e-05,-0.46
-1.4799999999997324e-05,-0.4
-1.4699999999997322e-05,-0.4
-1.4599999999997319e-05,-0.42
-1.4499999999997317e-05,-0.42
-1.4399999999997314e-05,-0.4
-1.4299999999997312e-05,-0.38
-1.419999999999731e-05,-0.4
-1.4099999999997307e-05,-0.36
-1.3999999999997305e-05,-0.4
-1.3899999999997302e-05,-0.38
-1.37999999999973e-05,-0.38
-1.3699999999997297e-05,-0.38
-1.3599999999997295e-05,-0.36
-1.3499999999997292e-05,-0.36
-1.339999999999729e-05,-0.36
-1.3299999999997288e-05,-0.36
-1.3199999999997285e-05,-0.36
-1.3099999999997283e-05,-0.36
-1.299999999999728e-05,-0.34
-1.2899999999997278e-05,-0.34
-1.2799999999997275e-05,-0.34
-1.2699999999997273e-05,-0.34
-1.259999999999727e-05,-0.34
-1.2499999999997268e-05,-0.36
-1.2399999999997266e-05,-0.32
-1.2299999999997263e-05,-0.3
-1.219999999999726e-05,-0.32
-1.2099999999997258e-05,-0.36
-1.1999999999997256e-05,-0.32
-1.1899999999997253e-05,-0.28
-1.1799999999997251e-05,-0.28
-1.1699999999997249e-05,-0.32
-1.1599999999997246e-05,-0.28
-1.1499999999997244e-05,-0.3
-1.1399999999997241e-05,-0.28
-1.1299999999997239e-05,-0.3
-1.1199999999997236e-05,-0.24
-1.1099999999997234e-05,-0.28
-1.0999999999997232e-05,-0.26
-1.089999999999723e-05,-0.26
-1.0799999999997227e-05,-0.28
-1.0699999999997224e-05,-0.26
-1.0599999999997222e-05,-0.28
-1.049999999999722e-05,-0.24
-1.0399999999997217e-05,-0.24
-1.0299999999997215e-05,-0.24
-1.0199999999997212e-05,-0.24
-1.009999999999721e-05,-0.24
-9.999999999997207e-06,-0.22
-9.899999999997205e-06,-0.22
-9.799999999997202e-06,-0.24
-9.6999999999972e-06,-0.22
-9.599999999997198e-06,-0.22
-9.499999999997195e-06,-0.2
-9.399999999997193e-06,-0.18
-9.29999999999719e-06,-0.18
-9.199999999997188e-06,-0.18
-9.099999999997185e-06,-0.2
-8.999999999997183e-06,-0.22
-8.89999999999718e-06,-0.16
-8.799999999997178e-06,-0.18
-8.699999999997176e-06,-0.18
-8.599999999997173e-06,-0.16
-8.49999999999717e-06,-0.18
-8.399999999997168e-06,-0.14
-8.299999999997166e-06,-0.14
-8.199999999997164e-06,-0.14
-8.099999999997161e-06,-0.14
-7.999999999997159e-06,-0.14
-7.899999999997156e-06,-0.16
-7.799999999997154e-06,-0.12
-7.699999999997151e-06,-0.12
-7.599999999997149e-06,-0.14
-7.4999999999971465e-06,-0.12
-7.399999999997144e-06,-0.1
-7.299999999997142e-06,-0.1
-7.199999999997139e-06,-0.12
-7.099999999997137e-06,-0.12
-6.999999999997134e-06,-0.08
-6.899999999997132e-06,-0.08
-6.7999999999971295e-06,-0.1
-6.699999999997127e-06,-0.08
-6.599999999997125e-06,-0.12
-6.499999999997122e-06,-0.1
-6.39999999999712e-06,-0.06
-6.299999999997117e-06,-0.06
-6.199999999997115e-06,-0.06
-6.0999999999971125e-06,-0.08
-5.99999999999711e-06,-0.06
-5.899999999997108e-06,0.0
-5.799999999997105e-06,-0.04
-5.699999999997103e-06,-0.06
-5.5999999999971e-06,-0.02
-5.499999999997098e-06,-0.04
-5.3999999999970955e-06,-0.02
-5.299999999997093e-06,-0.02
-5.199999999997091e-06,0.0
-5.099999999997088e-06,0.0
-4.999999999997086e-06,-0.04
-4.899999999997083e-06,0.02
-4.799999999997081e-06,0.02
-4.6999999999970785e-06,0.0
-4.599999999997076e-06,-0.02
-4.499999999997074e-06,0.0
-4.399999999997071e-06,0.04
-4.299999999997069e-06,0.04
-4.199999999997066e-06,0.04
-4.099999999997064e-06,0.04
-3.9999999999970615e-06,0.04
-3.899999999997059e-06,0.06
-3.7999999999970566e-06,0.08
-3.699999999997054e-06,0.04
-3.5999999999970517e-06,0.06
-3.4999999999970493e-06,0.06
-3.399999999997047e-06,0.08
-3.2999999999970444e-06,0.06
-3.199999999997042e-06,0.08
-3.0999999999970396e-06,0.08
-2.999999999997037e-06,0.08
-2.8999999999970347e-06,0.08
-2.7999999999970323e-06,0.1
-2.69999999999703e-06,0.08
-2.5999999999970274e-06,0.08
-2.499999999997025e-06,0.1
-2.3999999999970226e-06,0.12
-2.29999999999702e-06,0.12
-2.1999999999970177e-06,0.14
-2.0999999999970153e-06,0.12
-1.999999999997013e-06,0.12
-1.8999999999970104e-06,0.14
-1.799999999997008e-06,0.14
-1.6999999999970056e-06,0.14
-1.5999999999970031e-06,0.14
-1.4999999999970007e-06,0.16
-1.3999999999969983e-06,0.18
-1.2999999999969958e-06,0.16
-1.1999999999969934e-06,0.16
-1.099999999996991e-06,0.18
-9.999999999969885e-07,0.18
-8.999999999969861e-07,0.2
-7.999999999969837e-07,0.2
-6.999999999969812e-07,0.18
-5.999999999969788e-07,0.16
-4.999999999969764e-07,0.22
-3.9999999999697396e-07,0.22
-2.999999999969715e-07,0.18
-1.999999999969691e-07,0.22
-9.999999999696666e-08,0.22
3.0357660829594124e-18,0.22
1.000000000030382e-07,0.22
2.0000000000304063e-07,0.26
3.0000000000304306e-07,0.22
4.000000000030455e-07,0.24
5.000000000030479e-07,0.24
6.000000000030504e-07,0.28
7.000000000030528e-07,0.28
8.000000000030552e-07,0.28
9.000000000030576e-07,0.26
1.00000000000306e-06,0.24
1.1000000000030625e-06,0.26
1.200000000003065e-06,0.28
1.3000000000030674e-06,0.28
1.4000000000030698e-06,0.3
1.5000000000030722e-06,0.28
1.6000000000030747e-06,0.28
1.700000000003077e-06,0.3
1.8000000000030795e-06,0.3
1.900000000003082e-06,0.3
2.0000000000030844e-06,0.34
2.100000000003087e-06,0.3
2.2000000000030892e-06,0.32
2.3000000000030917e-06,0.32
2.400000000003094e-06,0.32
2.5000000000030965e-06,0.36
2.600000000003099e-06,0.32
2.7000000000031014e-06,0.32
2.800000000003104e-06,0.36
2.9000000000031063e-06,0.32
3.0000000000031087e-06,0.36
3.100000000003111e-06,0.36
3.2000000000031135e-06,0.38
3.300000000003116e-06,0.34
3.4000000000031184e-06,0.34
3.500000000003121e-06,0.38
3.6000000000031233e-06,0.36
3.7000000000031257e-06,0.36
3.800000000003128e-06,0.36
3.9000000000031306e-06,0.4
4.000000000003133e-06,0.36
4.1000000000031354e-06,0.4
4.200000000003138e-06,0.42
4.30000000000314e-06,0.4
4.400000000003143e-06,0.38
4.500000000003145e-06,0.4
4.600000000003148e-06,0.42
4.70000000000315e-06,0.42
4.8000000000031524e-06,0.4
4.900000000003155e-06,0.4
5.000000000003157e-06,0.42
5.10000000000316e-06,0.42
5.200000000003162e-06,0.42
5.300000000003165e-06,0.42
5.400000000003167e-06,0.42
5.5000000000031695e-06,0.42
5.600000000003172e-06,0.46
5.700000000003174e-06,0.48
5.800000000003177e-06,0.46
5.900000000003179e-06,0.48
6.000000000003182e-06,0.46
6.100000000003184e-06,0.48
6.2000000000031865e-06,0.46
6.300000000003189e-06,0.48
6.400000000003191e-06,0.44
6.500000000003194e-06,0.48
6.600000000003196e-06,0.48
6.700000000003199e-06,0.48
6.800000000003201e-06,0.5
6.9000000000032035e-06,0.48
7.000000000003206e-06,0.48
7.100000000003208e-06,0.5
7.200000000003211e-06,0.52
7.300000000003213e-06,0.52
7.400000000003216e-06,0.5
7.500000000003218e-06,0.5
7.6000000000032205e-06,0.5
7.700000000003223e-06,0.52
7.800000000003225e-06,0.5
7.900000000003228e-06,0.5
8.00000000000323e-06,0.5
8.100000000003233e-06,0.52
8.200000000003235e-06,0.54
8.300000000003238e-06,0.54
8.40000000000324e-06,0.52
8.500000000003242e-06,0.54
8.600000000003245e-06,0.54
8.700000000003247e-06,0.52
8.80000000000325e-06,0.56
8.900000000003252e-06,0.56
9.000000000003255e-06,0.56
9.100000000003257e-06,0.56
9.20000000000326e-06,0.56
9.300000000003262e-06,0.54
9.400000000003264e-06,0.56
9.500000000003267e-06,0.56
9.600000000003269e-06,0.58
9.700000000003272e-06,0.58
9.800000000003274e-06,0.58
9.900000000003276e-06,0.58
1.0000000000003279e-05,0.58
1.0100000000003281e-05,0.6
1.0200000000003284e-05,0.6
1.0300000000003286e-05,0.6
1.0400000000003289e-05,0.62
1.0500000000003291e-05,0.58
1.0600000000003293e-05,0.62
1.0700000000003296e-05,0.6
1.0800000000003298e-05,0.6
1.09000000000033e-05,0.6
1.1000000000003303e-05,0.6
1.1100000000003306e-05,0.6
1.1200000000003308e-05,0.6
1.130000000000331e-05,0.62
1.1400000000003313e-05,0.6
1.1500000000003315e-05,0.62
1.1600000000003318e-05,0.64
1.170000000000332e-05,0.64
1.1800000000003323e-05,0.62
1.1900000000003325e-05,0.64
1.2000000000003327e-05,0.64
1.210000000000333e-05,0.66
1.2200000000003332e-05,0.64
1.2300000000003335e-05,0.66
1.2400000000003337e-05,0.66
1.250000000000334e-05,0.62
1.2600000000003342e-05,0.64
1.2700000000003344e-05,0.64
1.2800000000003347e-05,0.66
1.290000000000335e-05,0.66
1.3000000000003352e-05,0.66
1.3100000000003354e-05,0.66
1.3200000000003357e-05,0.64
1.3300000000003359e-05,0.62
1.3400000000003361e-05,0.66
1.3500000000003364e-05,0.7000000000000001
1.3600000000003366e-05,0.66
1.3700000000003369e-05,0.66
1.3800000000003371e-05,0.66
1.3900000000003374e-05,0.7000000000000001
1.4000000000003376e-05,0.66
1.4100000000003378e-05,0.68
1.4200000000003381e-05,0.68
1.4300000000003383e-05,0.68
1.4400000000003386e-05,0.66
1.4500000000003388e-05,0.72
1.460000000000339e-05,0.66
1.4700000000003393e-05,0.66
1.4800000000003396e-05,0.7000000000000001
1.4900000000003398e-05,0.68
1.50000000000034e-05,0.7000000000000001
1.5100000000003403e-05,0.68
1.5200000000003405e-05,0.7000000000000001
1.5300000000003408e-05,0.7000000000000001
1.540000000000341e-05,0.68
1.5500000000003413e-05,0.7000000000000001
1.5600000000003415e-05,0.72
1.5700000000003417e-05,0.7000000000000001
1.580000000000342e-05,0.7000000000000001
1.5900000000003422e-05,0.72
1.6000000000003425e-05,0.72
1.6100000000003427e-05,0.72
1.620000000000343e-05,0.72
1.6300000000003432e-05,0.68
1.6400000000003434e-05,0.7000000000000001
1.6500000000003437e-05,0.72
1.660000000000344e-05,0.72
1.670000000000344e-05,0.7000000000000001
1.6800000000003444e-05,0.7000000000000001
1.6900000000003447e-05,0.72
1.700000000000345e-05,0.7000000000000001
1.710000000000345e-05,0.72
1.7200000000003454e-05,0.72
1.7300000000003456e-05,0.7000000000000001
1.740000000000346e-05,0.7000000000000001
1.750000000000346e-05,0.7000000000000001
1.7600000000003464e-05,0.72
1.7700000000003466e-05,0.7000000000000001
1.780000000000347e-05,0.72
1.790000000000347e-05,0.72
1.8000000000003473e-05,0.72
1.8100000000003476e-05,0.72
1.8200000000003478e-05,0.72
1.830000000000348e-05,0.7000000000000001
1.8400000000003483e-05,0.74
1.8500000000003485e-05,0.76
1.8600000000003488e-05,0.72
1.870000000000349e-05,0.74
1.8800000000003493e-05,0.72
1.8900000000003495e-05,0.7000000000000001
1.9000000000003498e-05,0.74
1.91000000000035e-05,0.74
1.9200000000003502e-05,0.74
1.9300000000003505e-05,0.72
1.9400000000003507e-05,0.7000000000000001
1.950000000000351e-05,0.7000000000000001
1.9600000000003512e-05,0.74
1.9700000000003515e-05,0.74
1.9800000000003517e-05,0.74
1.990000000000352e-05,0.72
2.0000000000003522e-05,0.72
2.0100000000003524e-05,0.72
2.0200000000003527e-05,0.72
2.030000000000353e-05,0.74
2.040000000000353e-05,0.72
2.0500000000003534e-05,0.74
2.0600000000003536e-05,0.74
2.070000000000354e-05,0.72
2.080000000000354e-05,0.74
2.0900000000003544e-05,0.72
2.1000000000003546e-05,0.74
2.110000000000355e-05,0.74
2.120000000000355e-05,0.74
2.1300000000003554e-05,0.72
2.1400000000003556e-05,0.74
2.150000000000356e-05,0.72
2.160000000000356e-05,0.74
2.1700000000003563e-05,0.74
2.1800000000003566e-05,0.72
2.1900000000003568e-05,0.7000000000000001
2.200000000000357e-05,0.72
2.2100000000003573e-05,0.7000000000000001
2.2200000000003575e-05,0.74
2.2300000000003578e-05,0.72
2.240000000000358e-05,0.7000000000000001
2.2500000000003583e-05,0.72
2.2600000000003585e-05,0.74
2.2700000000003588e-05,0.74
2.280000000000359e-05,0.72
2.2900000000003592e-05,0.72
2.3000000000003595e-05,0.68
2.3100000000003597e-05,0.74
2.32000000000036e-05,0.72
2.3300000000003602e-05,0.7000000000000001
2.3400000000003605e-05,0.72
2.3500000000003607e-05,0.72
2.360000000000361e-05,0.74
2.3700000000003612e-05,0.72
2.3800000000003614e-05,0.72
2.3900000000003617e-05,0.7000000000000001
2.400000000000362e-05,0.72
2.410000000000362e-05,0.72
2.4200000000003624e-05,0.7000000000000001
2.4300000000003626e-05,0.72
2.440000000000363e-05,0.72
2.450000000000363e-05,0.7000000000000001
2.4600000000003634e-05,0.7000000000000001
2.4700000000003636e-05,0.7000000000000001
2.480000000000364e-05,0.7000000000000001
2.490000000000364e-05,0.7000000000000001
2.5000000000003643e-05,0.68
2.5100000000003646e-05,0.7000000000000001
2.5200000000003648e-05,0.72
2.530000000000365e-05,0.7000000000000001
2.5400000000003653e-05,0.7000000000000001
2.5500000000003656e-05,0.72
2.5600000000003658e-05,0.68
2.570000000000366e-05,0.72
2.5800000000003663e-05,0.68
2.5900000000003665e-05,0.7000000000000001
2.6000000000003668e-05,0.7000000000000001
2.610000000000367e-05,0.72
2.6200000000003673e-05,0.72
2.6300000000003675e-05,0.7000000000000001
2.6400000000003677e-05,0.68
2.650000000000368e-05,0.68
2.6600000000003682e-05,0.7000000000000001
2.6700000000003685e-05,0.68
2.6800000000003687e-05,0.68
2.690000000000369e-05,0.68
2.7000000000003692e-05,0.66
2.7100000000003694e-05,0.68
2.7200000000003697e-05,0.66
2.73000000000037e-05,0.7000000000000001
2.7400000000003702e-05,0.66
2.7500000000003704e-05,0.68
2.7600000000003707e-05,0.66
2.770000000000371e-05,0.64
2.780000000000371e-05,0.66
2.7900000000003714e-05,0.64
2.8000000000003716e-05,0.64
2.810000000000372e-05,0.66
2.820000000000372e-05,0.62
2.8300000000003724e-05,0.62
2.8400000000003726e-05,0.64
2.850000000000373e-05,0.62
2.860000000000373e-05,0.64
2.8700000000003733e-05,0.64
2.8800000000003736e-05,0.62
2.8900000000003738e-05,0.62
2.900000000000374e-05,0.62
2.9100000000003743e-05,0.64
2.9200000000003746e-05,0.6
2.9300000000003748e-05,0.6
2.940000000000375e-05,0.6
2.9500000000003753e-05,0.6
2.9600000000003755e-05,0.6
2.9700000000003758e-05,0.58
2.980000000000376e-05,0.6
2.9900000000003763e-05,0.58
3.0000000000003765e-05,0.62
3.0100000000003767e-05,0.62
3.020000000000377e-05,0.58
3.0300000000003772e-05,0.58
3.0400000000003775e-05,0.58
3.0500000000003777e-05,0.6
3.060000000000378e-05,0.56
3.070000000000378e-05,0.6
3.0800000000003784e-05,0.58
3.090000000000379e-05,0.58
3.100000000000379e-05,0.56
3.110000000000379e-05,0.56
3.1200000000003794e-05,0.58
3.1300000000003797e-05,0.58
3.14000000000038e-05,0.58
3.15000000000038e-05,0.54
3.1600000000003804e-05,0.54
3.1700000000003806e-05,0.54
3.180000000000381e-05,0.56
3.190000000000381e-05,0.54
3.2000000000003814e-05,0.56
3.2100000000003816e-05,0.52
3.220000000000382e-05,0.54
3.230000000000382e-05,0.56
3.240000000000382e-05,0.52
3.2500000000003826e-05,0.52
3.260000000000383e-05,0.52
3.270000000000383e-05,0.52
3.280000000000383e-05,0.5
3.2900000000003835e-05,0.52
3.300000000000384e-05,0.5
3.310000000000384e-05,0.48
3.320000000000384e-05,0.5
3.3300000000003845e-05,0.5
3.340000000000385e-05,0.48
3.350000000000385e-05,0.46
3.360000000000385e-05,0.5
3.3700000000003855e-05,0.48
3.380000000000386e-05,0.5
3.390000000000386e-05,0.5
3.400000000000386e-05,0.48
3.4100000000003865e-05,0.48
3.420000000000387e-05,0.48
3.430000000000387e-05,0.46
3.440000000000387e-05,0.46
3.4500000000003874e-05,0.48
3.460000000000388e-05,0.46
3.470000000000388e-05,0.44
3.480000000000388e-05,0.44
3.4900000000003884e-05,0.44
3.5000000000003887e-05,0.44
3.510000000000389e-05,0.42
3.520000000000389e-05,0.44
3.5300000000003894e-05,0.4
3.5400000000003896e-05,0.44
3.55000000000039e-05,0.44
3.56000000000039e-05,0.44
3.5700000000003904e-05,0.44
3.5800000000003906e-05,0.4
3.590000000000391e-05,0.42
3.600000000000391e-05,0.42
3.610000000000391e-05,0.42
3.6200000000003916e-05,0.42
3.630000000000392e-05,0.4
3.640000000000392e-05,0.38
3.650000000000392e-05,0.38
3.6600000000003925e-05,0.38
3.670000000000393e-05,0.4
3.680000000000393e-05,0.36
3.690000000000393e-05,0.4
3.7000000000003935e-05,0.36
3.710000000000394e-05,0.36
3.720000000000394e-05,0.34
3.730000000000394e-05,0.36
3.7400000000003945e-05,0.34
3.750000000000395e-05,0.32
3.760000000000395e-05,0.36
3.770000000000395e-05,0.32
3.7800000000003955e-05,0.32
3.790000000000396e-05,0.34
3.800000000000396e-05,0.32
3.810000000000396e-05,0.34
3.8200000000003964e-05,0.32
3.830000000000397e-05,0.32
3.840000000000397e-05,0.32
3.850000000000397e-05,0.3
3.8600000000003974e-05,0.32
3.8700000000003976e-05,0.3
3.880000000000398e-05,0.3
3.890000000000398e-05,0.28
3.9000000000003984e-05,0.3
3.9100000000003986e-05,0.28
3.920000000000399e-05,0.26
3.930000000000399e-05,0.3
3.9400000000003993e-05,0.26
3.9500000000003996e-05,0.28
3.9600000000004e-05,0.26
3.9700000000004e-05,0.24
3.9800000000004e-05,0.26
3.9900000000004006e-05,0.24
4.000000000000401e-05,0.26
4.010000000000401e-05,0.22
4.020000000000401e-05,0.24
4.0300000000004015e-05,0.22
4.040000000000402e-05,0.22
4.050000000000402e-05,0.22
4.060000000000402e-05,0.24
4.0700000000004025e-05,0.22
4.080000000000403e-05,0.2
4.090000000000403e-05,0.22
4.100000000000403e-05,0.22
4.1100000000004035e-05,0.2
4.120000000000404e-05,0.18
4.130000000000404e-05,0.2
4.140000000000404e-05,0.18
4.1500000000004045e-05,0.16
4.160000000000405e-05,0.16
4.170000000000405e-05,0.18
4.180000000000405e-05,0.2
4.1900000000004054e-05,0.2
4.200000000000406e-05,0.18
4.210000000000406e-05,0.18
4.220000000000406e-05,0.14
4.2300000000004064e-05,0.14
4.2400000000004066e-05,0.16
4.250000000000407e-05,0.16
4.260000000000407e-05,0.14
4.2700000000004074e-05,0.12
4.2800000000004076e-05,0.08
4.290000000000408e-05,0.12
4.300000000000408e-05,0.08
4.3100000000004083e-05,0.12
4.3200000000004086e-05,0.1
4.330000000000409e-05,0.12
4.340000000000409e-05,0.1
4.350000000000409e-05,0.06
4.3600000000004096e-05,0.1
4.37000000000041e-05,0.08
4.38000000000041e-05,0.08
4.39000000000041e-05,0.06
4.4000000000004105e-05,0.06
4.410000000000411e-05,0.08
4.420000000000411e-05,0.04
4.430000000000411e-05,0.06
4.4400000000004115e-05,0.06
4.450000000000412e-05,0.02
4.460000000000412e-05,0.06
4.470000000000412e-05,0.02
4.4800000000004125e-05,0.0
4.490000000000413e-05,0.0
4.500000000000413e-05,0.0
4.510000000000413e-05,0.02
4.5200000000004134e-05,0.02
4.530000000000414e-05,0.02
4.540000000000414e-05,0.02
4.550000000000414e-05,0.0
4.5600000000004144e-05,-0.02
4.5700000000004147e-05,-0.02
4.580000000000415e-05,-0.02
4.590000000000415e-05,0.0
4.6000000000004154e-05,-0.04
4.6100000000004156e-05,-0.02
4.620000000000416e-05,-0.04
4.630000000000416e-05,-0.04
4.6400000000004164e-05,-0.02
4.6500000000004166e-05,-0.06
4.660000000000417e-05,-0.04
4.670000000000417e-05,-0.04
4.680000000000417e-05,-0.04
4.6900000000004176e-05,-0.06
4.700000000000418e-05,-0.06
4.710000000000418e-05,-0.08
4.720000000000418e-05,-0.08
4.7300000000004185e-05,-0.08
4.740000000000419e-05,-0.1
4.750000000000419e-05,-0.1
4.760000000000419e-05,-0.1
4.7700000000004195e-05,-0.1
4.78000000000042e-05,-0.08
4.79000000000042e-05,-0.1
4.80000000000042e-05,-0.12
4.8100000000004205e-05,-0.12
4.820000000000421e-05,-0.14
4.830000000000421e-05,-0.12
4.840000000000421e-05,-0.14
4.8500000000004215e-05,-0.14
4.860000000000422e-05,-0.12
4.870000000000422e-05,-0.14
4.880000000000422e-05,-0.14
4.8900000000004224e-05,-0.14
4.900000000000423e-05,-0.16
4.910000000000423e-05,-0.14
4.920000000000423e-05,-0.16
4.9300000000004234e-05,-0.18
4.9400000000004237e-05,-0.14
4.950000000000424e-05,-0.2
4.960000000000424e-05,-0.16
4.9700000000004244e-05,-0.2
4.9800000000004246e-05,-0.2
4.990000000000425e-05,-0.16
5.000000000000425e-05,-0.22
5.0100000000004254e-05,-0.2
5.0200000000004256e-05,-0.18
5.030000000000426e-05,-0.2
5.040000000000426e-05,-0.2
5.050000000000426e-05,-0.22
5.0600000000004266e-05,-0.24
5.070000000000427e-05,-0.24
5.080000000000427e-05,-0.26
5.090000000000427e-05,-0.24
5.1000000000004275e-05,-0.28
5.110000000000428e-05,-0.24
5.120000000000428e-05,-0.26
5.130000000000428e-05,-0.24
5.1400000000004285e-05,-0.26
5.150000000000429e-05,-0.28
5.160000000000429e-05,-0.26
5.170000000000429e-05,-0.26
5.1800000000004295e-05,-0.26
5.19000000000043e-05,-0.3
5.20000000000043e-05,-0.3
5.21000000000043e-05,-0.3
5.2200000000004305e-05,-0.3
5.230000000000431e-05,-0.28
5.240000000000431e-05,-0.32
5.250000000000431e-05,-0.3
5.2600000000004314e-05,-0.32
5.270000000000432e-05,-0.32
5.280000000000432e-05,-0.32
5.290000000000432e-05,-0.34
5.3000000000004324e-05,-0.32
5.3100000000004326e-05,-0.34
5.320000000000433e-05,-0.34
5.330000000000433e-05,-0.34
5.3400000000004334e-05,-0.36
5.3500000000004336e-05,-0.32
5.360000000000434e-05,-0.34
5.370000000000434e-05,-0.34
5.3800000000004343e-05,-0.36
5.3900000000004346e-05,-0.34
5.400000000000435e-05,-0.36
5.410000000000435e-05,-0.38
5.420000000000435e-05,-0.42
5.4300000000004356e-05,-0.36
5.440000000000436e-05,-0.38
5.450000000000436e-05,-0.38
5.460000000000436e-05,-0.38
5.4700000000004365e-05,-0.42
5.480000000000437e-05,-0.4
5.490000000000437e-05,-0.42
5.500000000000437e-05,-0.4
5.5100000000004375e-05,-0.4
5.520000000000438e-05,-0.42
5.530000000000438e-05,-0.42
5.540000000000438e-05,-0.4
5.5500000000004385e-05,-0.4
5.560000000000439e-05,-0.44
5.570000000000439e-05,-0.44
5.580000000000439e-05,-0.44
5.5900000000004395e-05,-0.46
5.60000000000044e-05,-0.46
5.61000000000044e-05,-0.46
5.62000000000044e-05,-0.48
5.6300000000004404e-05,-0.46
5.640000000000441e-05,-0.48
5.650000000000441e-05,-0.46
5.660000000000441e-05,-0.48
5.6700000000004414e-05,-0.48
5.6800000000004416e-05,-0.48
5.690000000000442e-05,-0.48
5.700000000000442e-05,-0.5
5.7100000000004424e-05,-0.5
5.7200000000004426e-05,-0.5
5.730000000000443e-05,-0.46
5.740000000000443e-05,-0.46
5.7500000000004433e-05,-0.5
5.7600000000004436e-05,-0.5
5.770000000000444e-05,-0.48
5.780000000000444e-05,-0.52
5.790000000000444e-05,-0.52
5.8000000000004446e-05,-0.52
5.810000000000445e-05,-0.5
5.820000000000445e-05,-0.5
5.830000000000445e-05,-0.52
5.8400000000004455e-05,-0.5
5.850000000000446e-05,-0.5
5.860000000000446e-05,-0.52
5.870000000000446e-05,-0.56
5.8800000000004465e-05,-0.54
5.890000000000447e-05,-0.54
5.900000000000447e-05,-0.56
5.910000000000447e-05,-0.54
5.9200000000004475e-05,-0.56
5.930000000000448e-05,-0.56
5.940000000000448e-05,-0.56
5.950000000000448e-05,-0.58
5.9600000000004484e-05,-0.54
5.970000000000449e-05,-0.6
5.980000000000449e-05,-0.56
5.990000000000449e-05,-0.56
6.0000000000004494e-05,-0.56
6.01000000000045e-05,-0.56
6.02000000000045e-05,-0.6
6.03000000000045e-05,-0.58
6.0400000000004504e-05,-0.56
6.0500000000004506e-05,-0.6
6.060000000000451e-05,-0.56
6.070000000000451e-05,-0.58
6.0800000000004514e-05,-0.56
6.0900000000004516e-05,-0.58
6.100000000000452e-05,-0.6
6.110000000000452e-05,-0.62
6.120000000000452e-05,-0.64
6.130000000000453e-05,-0.6
6.140000000000453e-05,-0.62
6.150000000000453e-05,-0.6
6.160000000000453e-05,-0.6
6.170000000000454e-05,-0.62
6.180000000000454e-05,-0.6
6.190000000000454e-05,-0.64
6.200000000000454e-05,-0.6
6.210000000000455e-05,-0.6
6.220000000000455e-05,-0.62
6.230000000000455e-05,-0.62
6.240000000000455e-05,-0.62
6.250000000000455e-05,-0.62
6.260000000000456e-05,-0.62
6.270000000000456e-05,-0.64
6.280000000000456e-05,-0.62
6.290000000000456e-05,-0.62
6.300000000000457e-05,-0.62
6.310000000000457e-05,-0.64
6.320000000000457e-05,-0.64
6.330000000000457e-05,-0.64
6.340000000000458e-05,-0.64
6.350000000000458e-05,-0.64
6.360000000000458e-05,-0.66
6.370000000000458e-05,-0.66
6.380000000000459e-05,-0.64
6.390000000000459e-05,-0.68
6.400000000000459e-05,-0.64
6.41000000000046e-05,-0.68
6.42000000000046e-05,-0.68
6.43000000000046e-05,-0.7000000000000001
6.44000000000046e-05,-0.66
6.45000000000046e-05,-0.7000000000000001
6.46000000000046e-05,-0.64
6.470000000000461e-05,-0.68
6.480000000000461e-05,-0.66
6.490000000000461e-05,-0.7000000000000001
6.500000000000462e-05,-0.68
6.510000000000462e-05,-0.7000000000000001
6.520000000000462e-05,-0.68
6.530000000000462e-05,-0.68
6.540000000000463e-05,-0.7000000000000001
6.550000000000463e-05,-0.68
6.560000000000463e-05,-0.68
6.570000000000463e-05,-0.68
6.580000000000464e-05,-0.68
6.590000000000464e-05,-0.7000000000000001
6.600000000000464e-05,-0.7000000000000001
6.610000000000464e-05,-0.68
6.620000000000464e-05,-0.68
6.630000000000465e-05,-0.66
6.640000000000465e-05,-0.7000000000000001
6.650000000000465e-05,-0.68
6.660000000000465e-05,-0.7000000000000001
6.670000000000466e-05,-0.7000000000000001
6.680000000000466e-05,-0.7000000000000001
6.690000000000466e-05,-0.7000000000000001
6.700000000000466e-05,-0.7000000000000001
6.710000000000467e-05,-0.72
6.720000000000467e-05,-0.72
6.730000000000467e-05,-0.7000000000000001
6.740000000000467e-05,-0.7000000000000001
6.750000000000468e-05,-0.72
6.760000000000468e-05,-0.7000000000000001
6.770000000000468e-05,-0.72
6.780000000000468e-05,-0.68
6.790000000000469e-05,-0.72
6.800000000000469e-05,-0.7000000000000001
6.810000000000469e-05,-0.7000000000000001
6.82000000000047e-05,-0.7000000000000001
6.83000000000047e-05,-0.66
6.84000000000047e-05,-0.68
6.85000000000047e-05,-0.7000000000000001
6.86000000000047e-05,-0.7000000000000001
6.87000000000047e-05,-0.7000000000000001
6.880000000000471e-05,-0.7000000000000001
6.890000000000471e-05,-0.72
6.900000000000471e-05,-0.68
6.910000000000472e-05,-0.7000000000000001
6.920000000000472e-05,-0.7000000000000001
6.930000000000472e-05,-0.72
6.940000000000472e-05,-0.76
6.950000000000473e-05,-0.68
6.960000000000473e-05,-0.72
6.970000000000473e-05,-0.72
6.980000000000473e-05,-0.72
6.990000000000473e-05,-0.7000000000000001
7.000000000000474e-05,-0.7000000000000001
7.010000000000474e-05,-0.7000000000000001
7.020000000000474e-05,-0.72
7.030000000000474e-05,-0.68
7.040000000000475e-05,-0.72
7.050000000000475e-05,-0.7000000000000001
7.060000000000475e-05,-0.7000000000000001
7.070000000000475e-05,-0.68
7.080000000000476e-05,-0.68
7.090000000000476e-05,-0.7000000000000001
7.100000000000476e-05,-0.72
7.110000000000476e-05,-0.72
7.120000000000477e-05,-0.74
7.130000000000477e-05,-0.72
7.140000000000477e-05,-0.7000000000000001
7.150000000000477e-05,-0.72
7.160000000000478e-05,-0.7000000000000001
7.170000000000478e-05,-0.68
7.180000000000478e-05,-0.7000000000000001
7.190000000000478e-05,-0.7000000000000001
7.200000000000479e-05,-0.72
7.210000000000479e-05,-0.7000000000000001
7.220000000000479e-05,-0.72
7.230000000000479e-05,-0.72
7.24000000000048e-05,-0.72
7.25000000000048e-05,-0.7000000000000001
7.26000000000048e-05,-0.72
7.27000000000048e-05,-0.72
7.28000000000048e-05,-0.66
7.290000000000481e-05,-0.7000000000000001
7.300000000000481e-05,-0.72
7.310000000000481e-05,-0.72
7.320000000000482e-05,-0.72
7.330000000000482e-05,-0.7000000000000001
7.340000000000482e-05,-0.7000000000000001
7.350000000000482e-05,-0.68
7.360000000000482e-05,-0.7000000000000001
7.370000000000483e-05,-0.7000000000000001
7.380000000000483e-05,-0.68
7.390000000000483e-05,-0.68
7.400000000000483e-05,-0.68
7.410000000000484e-05,-0.68
7.420000000000484e-05,-0.7000000000000001
7.430000000000484e-05,-0.68
7.440000000000484e-05,-0.72
7.450000000000485e-05,-0.7000000000000001
7.460000000000485e-05,-0.7000000000000001
7.470000000000485e-05,-0.68
7.480000000000485e-05,-0.66
7.490000000000486e-05,-0.68
7.500000000000486e-05,-0.66
7.510000000000486e-05,-0.68
7.520000000000486e-05,-0.66
7.530000000000487e-05,-0.68
7.540000000000487e-05,-0.7000000000000001
7.550000000000487e-05,-0.68
7.560000000000487e-05,-0.68
7.570000000000488e-05,-0.7000000000000001
7.580000000000488e-05,-0.66
7.590000000000488e-05,-0.68
7.600000000000488e-05,-0.68
7.610000000000489e-05,-0.68
7.620000000000489e-05,-0.66
7.630000000000489e-05,-0.68
7.640000000000489e-05,-0.66
7.65000000000049e-05,-0.66
7.66000000000049e-05,-0.66
7.67000000000049e-05,-0.66
7.68000000000049e-05,-0.66
7.69000000000049e-05,-0.66
7.700000000000491e-05,-0.66
7.710000000000491e-05,-0.62
7.720000000000491e-05,-0.66
7.730000000000491e-05,-0.64
7.740000000000492e-05,-0.66
7.750000000000492e-05,-0.66
7.760000000000492e-05,-0.64
7.770000000000492e-05,-0.66
7.780000000000493e-05,-0.64
7.790000000000493e-05,-0.64
7.800000000000493e-05,-0.62
7.810000000000493e-05,-0.62
7.820000000000494e-05,-0.64
7.830000000000494e-05,-0.58
7.840000000000494e-05,-0.6
7.850000000000494e-05,-0.6
7.860000000000495e-05,-0.62
7.870000000000495e-05,-0.6
7.880000000000495e-05,-0.62
7.890000000000495e-05,-0.58
7.900000000000496e-05,-0.6
7.910000000000496e-05,-0.58
7.920000000000496e-05,-0.6
7.930000000000496e-05,-0.62
7.940000000000497e-05,-0.58
7.950000000000497e-05,-0.6
7.960000000000497e-05,-0.58
7.970000000000497e-05,-0.6
7.980000000000498e-05,-0.56
7.990000000000498e-05,-0.56
8.000000000000498e-05,-0.54
8.010000000000498e-05,-0.56
8.020000000000499e-05,-0.58
8.030000000000499e-05,-0.58
8.040000000000499e-05,-0.58
8.050000000000499e-05,-0.54
8.0600000000005e-05,-0.58
8.0700000000005e-05,-0.56
8.0800000000005e-05,-0.56
8.0900000000005e-05,-0.54
8.1000000000005e-05,-0.54
8.110000000000501e-05,-0.54
8.120000000000501e-05,-0.54
8.130000000000501e-05,-0.54
8.140000000000501e-05,-0.52
8.150000000000502e-05,-0.52
8.160000000000502e-05,-0.5
8.170000000000502e-05,-0.54
8.180000000000502e-05,-0.56
8.190000000000503e-05,-0.52
8.200000000000503e-05,-0.52
8.210000000000503e-05,-0.52
8.220000000000503e-05,-0.52
8.230000000000504e-05,-0.48
8.240000000000504e-05,-0.5
8.250000000000504e-05,-0.52
8.260000000000504e-05,-0.5
8.270000000000505e-05,-0.48
8.280000000000505e-05,-0.48
8.290000000000505e-05,-0.54
8.300000000000505e-05,-0.5
8.310000000000506e-05,-0.5
8.320000000000506e-05,-0.48
8.330000000000506e-05,-0.46
8.340000000000506e-05,-0.46
8.350000000000507e-05,-0.48
8.360000000000507e-05,-0.46
8.370000000000507e-05,-0.44
8.380000000000507e-05,-0.46
8.390000000000508e-05,-0.48
8.400000000000508e-05,-0.46
8.410000000000508e-05,-0.46
8.420000000000508e-05,-0.44
8.430000000000508e-05,-0.44
8.440000000000509e-05,-0.48
8.450000000000509e-05,-0.46
8.460000000000509e-05,-0.42
8.47000000000051e-05,-0.44
8.48000000000051e-05,-0.44
8.49000000000051e-05,-0.42
8.50000000000051e-05,-0.42
8.51000000000051e-05,-0.4
8.52000000000051e-05,-0.42
8.530000000000511e-05,-0.38
8.540000000000511e-05,-0.4
8.550000000000511e-05,-0.38
8.560000000000512e-05,-0.4
8.570000000000512e-05,-0.4
8.580000000000512e-05,-0.38
8.590000000000512e-05,-0.4
8.600000000000513e-05,-0.4
8.610000000000513e-05,-0.38
8.620000000000513e-05,-0.38
8.630000000000513e-05,-0.36
8.640000000000514e-05,-0.38
8.650000000000514e-05,-0.38
8.660000000000514e-05,-0.36
8.670000000000514e-05,-0.38
8.680000000000515e-05,-0.36
8.690000000000515e-05,-0.36
8.700000000000515e-05,-0.34
8.710000000000515e-05,-0.34
8.720000000000516e-05,-0.34
8.730000000000516e-05,-0.34
8.740000000000516e-05,-0.32
8.750000000000516e-05,-0.3
8.760000000000517e-05,-0.3
8.770000000000517e-05,-0.32
8.780000000000517e-05,-0.32
8.790000000000517e-05,-0.3
8.800000000000517e-05,-0.32
8.810000000000518e-05,-0.32
8.820000000000518e-05,-0.28
8.830000000000518e-05,-0.28
8.840000000000518e-05,-0.28
8.850000000000519e-05,-0.28
8.860000000000519e-05,-0.3
8.870000000000519e-05,-0.32
8.88000000000052e-05,-0.26
8.89000000000052e-05,-0.28
8.90000000000052e-05,-0.24
8.91000000000052e-05,-0.26
8.92000000000052e-05,-0.28
8.93000000000052e-05,-0.22
8.940000000000521e-05,-0.26
8.950000000000521e-05,-0.22
8.960000000000521e-05,-0.26
8.970000000000522e-05,-0.26
8.980000000000522e-05,-0.22
8.990000000000522e-05,-0.22
9.000000000000522e-05,-0.22
9.010000000000523e-05,-0.2
9.020000000000523e-05,-0.24
9.030000000000523e-05,-0.22
9.040000000000523e-05,-0.22
9.050000000000524e-05,-0.18
9.060000000000524e-05,-0.2
9.070000000000524e-05,-0.2
9.080000000000524e-05,-0.18
9.090000000000525e-05,-0.18
9.100000000000525e-05,-0.18
9.110000000000525e-05,-0.18
9.120000000000525e-05,-0.2
9.130000000000525e-05,-0.16
9.140000000000526e-05,-0.16
9.150000000000526e-05,-0.16
9.160000000000526e-05,-0.16
9.170000000000526e-05,-0.18
9.180000000000527e-05,-0.14
9.190000000000527e-05,-0.14
9.200000000000527e-05,-0.14
9.210000000000527e-05,-0.14
9.220000000000528e-05,-0.14
9.230000000000528e-05,-0.12
9.240000000000528e-05,-0.16
9.250000000000528e-05,-0.16
9.260000000000529e-05,-0.1
9.270000000000529e-05,-0.12
9.280000000000529e-05,-0.1
9.29000000000053e-05,-0.12
9.30000000000053e-05,-0.1
9.31000000000053e-05,-0.1
9.32000000000053e-05,-0.08
9.33000000000053e-05,-0.08
9.34000000000053e-05,-0.08
9.350000000000531e-05,-0.06
9.360000000000531e-05,-0.08
9.370000000000531e-05,-0.08
9.380000000000532e-05,-0.02
9.390000000000532e-05,-0.06
9.400000000000532e-05,-0.08
9.410000000000532e-05,-0.04
9.420000000000533e-05,-0.04
9.430000000000533e-05,-0.02
9.440000000000533e-05,-0.06
9.450000000000533e-05,-0.06
9.460000000000534e-05,-0.06
9.470000000000534e-05,-0.04
9.480000000000534e-05,0.0
9.490000000000534e-05,0.02
9.500000000000534e-05,0.0
9.510000000000535e-05,-0.04
9.520000000000535e-05,-0.02
9.530000000000535e-05,0.04
9.540000000000535e-05,-0.02
9.550000000000536e-05,0.0
9.560000000000536e-05,0.02
9.570000000000536e-05,0.02
9.580000000000536e-05,0.04
9.590000000000537e-05,0.04
9.600000000000537e-05,0.04
9.610000000000537e-05,0.02
9.620000000000537e-05,0.04
9.630000000000538e-05,0.06
9.640000000000538e-05,0.06
9.650000000000538e-05,0.06
9.660000000000538e-05,0.04
9.670000000000539e-05,0.08
9.680000000000539e-05,0.08
9.690000000000539e-05,0.08
9.70000000000054e-05,0.08
9.71000000000054e-05,0.08
9.72000000000054e-05,0.1
9.73000000000054e-05,0.1
9.74000000000054e-05,0.1
9.75000000000054e-05,0.12
9.760000000000541e-05,0.1
9.770000000000541e-05,0.14
9.780000000000541e-05,0.14
9.790000000000542e-05,0.12
9.800000000000542e-05,0.16
9.810000000000542e-05,0.14
9.820000000000542e-05,0.16
9.830000000000543e-05,0.16
9.840000000000543e-05,0.12
9.850000000000543e-05,0.18
9.860000000000543e-05,0.16
9.870000000000543e-05,0.18
9.880000000000544e-05,0.18
9.890000000000544e-05,0.16
9.900000000000544e-05,0.16
9.910000000000544e-05,0.14
9.920000000000545e-05,0.2
9.930000000000545e-05,0.2
9.940000000000545e-05,0.22
9.950000000000545e-05,0.2
9.960000000000546e-05,0.22
9.970000000000546e-05,0.22
9.980000000000546e-05,0.24
9.990000000000546e-05,0.22
0.00010000000000000547,0.22
0.00010010000000000547,0.22
0.00010020000000000547,0.22
0.00010030000000000547,0.22
0.00010040000000000548,0.24
0.00010050000000000548,0.24
0.00010060000000000548,0.24
0.00010070000000000548,0.26
0.00010080000000000549,0.28
0.00010090000000000549,0.26
0.00010100000000000549,0.26
0.00010110000000000549,0.28
0.0001012000000000055,0.28
0.0001013000000000055,0.28
0.0001014000000000055,0.28
0.0001015000000000055,0.28
0.0001016000000000055,0.28
0.00010170000000000551,0.28
0.00010180000000000551,0.28
0.00010190000000000551,0.3
0.00010200000000000552,0.3
0.00010210000000000552,0.34
0.00010220000000000552,0.3
0.00010230000000000552,0.3
0.00010240000000000552,0.32
0.00010250000000000553,0.32
0.00010260000000000553,0.32
0.00010270000000000553,0.32
0.00010280000000000553,0.32
0.00010290000000000554,0.34
0.00010300000000000554,0.36
0.00010310000000000554,0.34
0.00010320000000000554,0.36
0.00010330000000000555,0.38
0.00010340000000000555,0.38
0.00010350000000000555,0.38
0.00010360000000000555,0.36
0.00010370000000000556,0.38
0.00010380000000000556,0.38
0.00010390000000000556,0.36
0.00010400000000000556,0.44
0.00010410000000000557,0.38
0.00010420000000000557,0.4
0.00010430000000000557,0.4
0.00010440000000000557,0.42
0.00010450000000000558,0.4
0.00010460000000000558,0.44
0.00010470000000000558,0.42
0.00010480000000000558,0.44
0.00010490000000000559,0.42
0.00010500000000000559,0.42
0.00010510000000000559,0.4
0.00010520000000000559,0.44
0.0001053000000000056,0.44
0.0001054000000000056,0.42
0.0001055000000000056,0.44
0.0001056000000000056,0.44
0.0001057000000000056,0.44
0.00010580000000000561,0.48
0.00010590000000000561,0.48
0.00010600000000000561,0.48
0.00010610000000000561,0.46
0.00010620000000000562,0.46
0.00010630000000000562,0.46
0.00010640000000000562,0.48
0.00010650000000000562,0.5
0.00010660000000000563,0.48
0.00010670000000000563,0.52
0.00010680000000000563,0.52
0.00010690000000000563,0.48
0.00010700000000000564,0.5
0.00010710000000000564,0.48
0.00010720000000000564,0.5
0.00010730000000000564,0.52
0.00010740000000000565,0.5
0.00010750000000000565,0.5
0.00010760000000000565,0.48
0.00010770000000000565,0.5
0.00010780000000000566,0.52
0.00010790000000000566,0.54
0.00010800000000000566,0.5
0.00010810000000000566,0.56
0.00010820000000000567,0.54
0.00010830000000000567,0.52
0.00010840000000000567,0.52
0.00010850000000000567,0.54
0.00010860000000000568,0.56
0.00010870000000000568,0.56
0.00010880000000000568,0.56
0.00010890000000000568,0.54
0.00010900000000000569,0.54
0.00010910000000000569,0.58
0.00010920000000000569,0.56
0.00010930000000000569,0.6
0.0001094000000000057,0.58
0.0001095000000000057,0.58
0.0001096000000000057,0.58
0.0001097000000000057,0.58
0.0001098000000000057,0.6
0.00010990000000000571,0.58
0.00011000000000000571,0.58
0.00011010000000000571,0.58
0.00011020000000000571,0.62
0.00011030000000000572,0.6
0.00011040000000000572,0.62
0.00011050000000000572,0.6
0.00011060000000000572,0.6
0.00011070000000000573,0.64
0.00011080000000000573,0.58
0.00011090000000000573,0.64
0.00011100000000000573,0.6
0.00011110000000000574,0.62
0.00011120000000000574,0.64
0.00011130000000000574,0.62
0.00011140000000000574,0.64
0.00011150000000000575,0.64
0.00011160000000000575,0.62
0.00011170000000000575,0.6
0.00011180000000000575,0.64
0.00011190000000000576,0.62
0.00011200000000000576,0.64
0.00011210000000000576,0.62
0.00011220000000000576,0.64
0.00011230000000000577,0.6
0.00011240000000000577,0.64
0.00011250000000000577,0.64
0.00011260000000000577,0.64
0.00011270000000000578,0.64
0.00011280000000000578,0.66
0.00011290000000000578,0.64
0.00011300000000000578,0.68
0.00011310000000000578,0.68
0.00011320000000000579,0.66
0.00011330000000000579,0.64
0.00011340000000000579,0.64
0.0001135000000000058,0.68
0.0001136000000000058,0.64
0.0001137000000000058,0.66
0.0001138000000000058,0.68
0.0001139000000000058,0.68
0.0001140000000000058,0.66
0.00011410000000000581,0.68
0.00011420000000000581,0.68
0.00011430000000000581,0.7000000000000001
0.00011440000000000582,0.68
0.00011450000000000582,0.7000000000000001
0.00011460000000000582,0.68
0.00011470000000000582,0.7000000000000001
0.00011480000000000583,0.7000000000000001
0.00011490000000000583,0.72
0.00011500000000000583,0.7000000000000001
0.00011510000000000583,0.7000000000000001
0.00011520000000000584,0.7000000000000001
0.00011530000000000584,0.7000000000000001
0.00011540000000000584,0.7000000000000001
0.00011550000000000584,0.68
0.00011560000000000585,0.68
0.00011570000000000585,0.72
0.00011580000000000585,0.72
0.00011590000000000585,0.68
0.00011600000000000586,0.72
0.00011610000000000586,0.7000000000000001
0.00011620000000000586,0.72
0.00011630000000000586,0.72
0.00011640000000000587,0.7000000000000001
0.00011650000000000587,0.7000000000000001
0.00011660000000000587,0.68
0.00011670000000000587,0.7000000000000001
0.00011680000000000587,0.74
0.00011690000000000588,0.72
0.00011700000000000588,0.74
0.00011710000000000588,0.72
0.00011720000000000588,0.72
0.00011730000000000589,0.72
0.00011740000000000589,0.72
0.00011750000000000589,0.7000000000000001
0.0001176000000000059,0.72
0.0001177000000000059,0.7000000000000001
0.0001178000000000059,0.72
0.0001179000000000059,0.72
0.0001180000000000059,0.74
0.0001181000000000059,0.72
0.00011820000000000591,0.72
0.00011830000000000591,0.72
0.00011840000000000591,0.74
0.00011850000000000592,0.72
0.00011860000000000592,0.72
0.00011870000000000592,0.74
0.00011880000000000592,0.76
0.00011890000000000593,0.74
0.00011900000000000593,0.72
0.00011910000000000593,0.72
0.00011920000000000593,0.76
0.00011930000000000594,0.7000000000000001
0.00011940000000000594,0.72
0.00011950000000000594,0.76
0.00011960000000000594,0.76
0.00011970000000000595,0.74
0.00011980000000000595,0.72
0.00011990000000000595,0.74
0.00012000000000000595,0.74
0.00012010000000000596,0.72
0.00012020000000000596,0.72
0.00012030000000000596,0.74
0.00012040000000000596,0.72
0.00012050000000000596,0.74
0.00012060000000000597,0.74
0.00012070000000000597,0.72
0.00012080000000000597,0.72
0.00012090000000000597,0.72
0.00012100000000000598,0.72
0.00012110000000000598,0.72
0.00012120000000000598,0.74
0.00012130000000000598,0.74
0.00012140000000000599,0.72
0.00012150000000000599,0.72
0.00012160000000000599,0.74
0.000121700000000006,0.72
0.000121800000000006,0.76
0.000121900000000006,0.74
0.000122000000000006,0.72
0.000122100000000006,0.72
0.000122200000000006,0.72
0.000122300000000006,0.76
0.000122400000000006,0.72
0.000122500000000006,0.72
0.00012260000000000602,0.72
0.00012270000000000602,0.68
0.00012280000000000602,0.74
0.00012290000000000602,0.72
0.00012300000000000603,0.72
0.00012310000000000603,0.74
0.00012320000000000603,0.74
0.00012330000000000603,0.72
0.00012340000000000604,0.72
0.00012350000000000604,0.72
0.00012360000000000604,0.72
0.00012370000000000604,0.72
0.00012380000000000604,0.74
0.00012390000000000605,0.74
0.00012400000000000605,0.74
0.00012410000000000605,0.7000000000000001
0.00012420000000000605,0.72
0.00012430000000000606,0.72
0.00012440000000000606,0.72
0.00012450000000000606,0.72
0.00012460000000000606,0.74
0.00012470000000000607,0.74
0.00012480000000000607,0.72
0.00012490000000000607,0.7000000000000001
0.00012500000000000607,0.7000000000000001
