Record Length,2500,Points,-4.30000000E-6,1.0799999,
Sample Interval,9.999999939E-9,s,-4.29000011E-6,1.0400000,
Trigger Point,430.000002665,Samples,-4.28000021E-6,1.0200000,
,,,-4.26999986E-6,1.0400000,
,,,-4.25999997E-6,1.0599999,
,,,-4.25000007E-6,1.0599999,
Source,CH1,,-4.24000018E-6,1.0400000,
Vertical Units,Volts,,-4.22999983E-6,1.0400000,
Vertical Scale,511.953113557E-3,,-4.21999994E-6,1.0599999,
Vertical Offset,0,,-4.21000004E-6,1.1000000,
Horizontal Units,s,,-4.20000015E-6,1.0599999,
Horizontal Scale,2.5000000E-6,,-4.18999980E-6,1.0400000,
Pt Fmt,Y,,-4.17999991E-6,1.0599999,
Yzero,-1.5235770,,-4.17000001E-6,1.0400000,
Probe Atten,1.000000,,-4.16000012E-6,1.0599999,
,,,-4.15000022E-6,1.0599999,
Note,TDS 2022B - 15:53:31   08.04.2019,,-4.13999987E-6,1.0799999,
,,,-4.12999998E-6,1.0400000,
,,,-4.12000009E-6,1.0400000,
,,,-4.11000019E-6,1.0200000,
,,,-4.09999984E-6,1.0599999,
,,,-4.08999995E-6,1.0400000,
,,,-4.08000005E-6,1.0599999,
,,,-4.07000016E-6,1.0599999,
,,,-4.05999981E-6,1.0799999,
,,,-4.04999992E-6,1.0599999,
,,,-4.04000002E-6,1.0799999,
,,,-4.03000013E-6,1.0200000,
,,,-4.01999978E-6,1.0400000,
,,,-4.00999988E-6,1.0599999,
,,,-3.99999999E-6,1.1200000,
,,,-3.99000010E-6,1.0400000,
,,,-3.98000020E-6,1.000000,
,,,-3.96999985E-6,1.000000,
,,,-3.95999996E-6,1.0599999,
,,,-3.95000006E-6,1.1000000,
,,,-3.94000017E-6,1.0599999,
,,,-3.92999982E-6,979.999959469E-3,
,,,-3.91999993E-6,1.000000,
,,,-3.91000003E-6,1.1200000,
,,,-3.90000014E-6,1.1000000,
,,,-3.88999979E-6,1.0200000,
,,,-3.87999989E-6,959.999978542E-3,
,,,-3.87000000E-6,1.0599999,
,,,-3.86000011E-6,1.1400000,
,,,-3.85000021E-6,1.0799999,
,,,-3.83999986E-6,979.999959469E-3,
,,,-3.82999997E-6,979.999959469E-3,
,,,-3.82000007E-6,1.0799999,
,,,-3.80999995E-6,1.1200000,
,,,-3.80000006E-6,1.0400000,
,,,-3.78999994E-6,1.000000,
,,,-3.78000004E-6,1.0200000,
,,,-3.76999992E-6,1.1000000,
,,,-3.76000003E-6,1.0599999,
,,,-3.74999991E-6,1.0400000,
,,,-3.74000001E-6,1.0400000,
,,,-3.73000012E-6,1.0799999,
,,,-3.72000000E-6,1.0799999,
,,,-3.71000010E-6,1.0400000,
,,,-3.69999998E-6,1.000000,
,,,-3.69000009E-6,1.0400000,
,,,-3.67999996E-6,1.0599999,
,,,-3.67000007E-6,1.1000000,
,,,-3.65999995E-6,1.0400000,
,,,-3.65000005E-6,1.0200000,
,,,-3.63999993E-6,1.0799999,
,,,-3.63000004E-6,1.1000000,
,,,-3.61999992E-6,1.0200000,
,,,-3.61000002E-6,1.0200000,
,,,-3.59999990E-6,1.0400000,
,,,-3.59000001E-6,1.0799999,
,,,-3.58000011E-6,1.0799999,
,,,-3.56999999E-6,1.0200000,
,,,-3.56000010E-6,1.0200000,
,,,-3.54999997E-6,1.000000,
,,,-3.54000008E-6,1.0799999,
,,,-3.52999996E-6,1.0400000,
,,,-3.52000006E-6,1.0400000,
,,,-3.50999994E-6,1.0200000,
,,,-3.50000005E-6,1.0200000,
,,,-3.48999993E-6,1.0799999,
,,,-3.48000003E-6,1.0400000,
,,,-3.46999991E-6,1.0200000,
,,,-3.46000002E-6,1.0400000,
,,,-3.44999989E-6,1.0400000,
,,,-3.44000000E-6,1.0599999,
,,,-3.43000011E-6,1.0200000,
,,,-3.41999998E-6,1.0400000,
,,,-3.41000009E-6,1.0599999,
,,,-3.39999997E-6,1.0400000,
,,,-3.39000007E-6,1.0200000,
,,,-3.37999995E-6,1.0400000,
,,,-3.37000006E-6,1.0400000,
,,,-3.35999994E-6,1.0799999,
,,,-3.35000004E-6,1.0599999,
,,,-3.33999992E-6,1.0200000,
,,,-3.33000003E-6,1.0799999,
,,,-3.31999991E-6,1.1000000,
,,,-3.31000001E-6,1.000000,
,,,-3.30000012E-6,1.0400000,
,,,-3.29000000E-6,1.0200000,
,,,-3.28000010E-6,1.0400000,
,,,-3.26999998E-6,1.1200000,
,,,-3.26000008E-6,1.0599999,
,,,-3.24999996E-6,1.000000,
,,,-3.24000007E-6,1.000000,
,,,-3.22999995E-6,1.0400000,
,,,-3.22000005E-6,1.1200000,
,,,-3.20999993E-6,1.0799999,
,,,-3.20000004E-6,1.0400000,
,,,-3.18999992E-6,1.0200000,
,,,-3.18000002E-6,1.0400000,
,,,-3.16999990E-6,1.0799999,
,,,-3.16000001E-6,1.0400000,
,,,-3.15000011E-6,1.0200000,
,,,-3.13999999E-6,1.0599999,
,,,-3.13000010E-6,1.0799999,
,,,-3.11999997E-6,1.0799999,
,,,-3.11000008E-6,1.0799999,
,,,-3.09999996E-6,1.0400000,
,,,-3.09000006E-6,1.0799999,
,,,-3.07999994E-6,1.0599999,
,,,-3.07000005E-6,1.0599999,
,,,-3.05999993E-6,1.0599999,
,,,-3.05000003E-6,1.0799999,
,,,-3.03999991E-6,1.0599999,
,,,-3.03000002E-6,1.1000000,
,,,-3.01999989E-6,1.0400000,
,,,-3.01000000E-6,1.0799999,
,,,-3.00000011E-6,1.0400000,
,,,-2.98999998E-6,1.0599999,
,,,-2.98000009E-6,1.0400000,
,,,-2.96999997E-6,1.0400000,
,,,-2.96000007E-6,1.0400000,
,,,-2.94999995E-6,1.0599999,
,,,-2.94000006E-6,1.0400000,
,,,-2.92999994E-6,1.0599999,
,,,-2.92000004E-6,1.0400000,
,,,-2.90999992E-6,1.0400000,
,,,-2.90000003E-6,1.0799999,
,,,-2.88999991E-6,1.1000000,
,,,-2.88000001E-6,1.0599999,
,,,-2.87000012E-6,1.0599999,
,,,-2.86000000E-6,1.0599999,
,,,-2.85000010E-6,1.0599999,
,,,-2.83999998E-6,1.0599999,
,,,-2.83000008E-6,1.0599999,
,,,-2.81999996E-6,1.0400000,
,,,-2.81000007E-6,1.0799999,
,,,-2.79999995E-6,1.0799999,
,,,-2.79000005E-6,1.0599999,
,,,-2.77999993E-6,1.0400000,
,,,-2.77000004E-6,1.0400000,
,,,-2.75999992E-6,1.0599999,
,,,-2.75000002E-6,1.0400000,
,,,-2.73999990E-6,1.0599999,
,,,-2.73000001E-6,1.0599999,
,,,-2.72000011E-6,1.0400000,
,,,-2.7100000E-6,1.0200000,
,,,-2.7000001E-6,1.0400000,
,,,-2.6900000E-6,1.0599999,
,,,-2.6800001E-6,1.0599999,
,,,-2.6700000E-6,1.0599999,
,,,-2.6600001E-6,1.0599999,
,,,-2.6499999E-6,1.0599999,
,,,-2.6400000E-6,1.0400000,
,,,-2.6299999E-6,1.0599999,
,,,-2.6200000E-6,1.0599999,
,,,-2.6099999E-6,1.0599999,
,,,-2.6000000E-6,1.0599999,
,,,-2.5900001E-6,1.0400000,
,,,-2.5800000E-6,1.0599999,
,,,-2.5700001E-6,1.0599999,
,,,-2.5600000E-6,1.0400000,
,,,-2.5500001E-6,1.0599999,
,,,-2.5400000E-6,1.0599999,
,,,-2.5300001E-6,1.0799999,
,,,-2.5200000E-6,1.0200000,
,,,-2.5100001E-6,1.0400000,
,,,-2.4999999E-6,1.0599999,
,,,-2.4900000E-6,1.0799999,
,,,-2.4799999E-6,1.0400000,
,,,-2.4700000E-6,1.0400000,
,,,-2.4599999E-6,1.0200000,
,,,-2.4500000E-6,1.0400000,
,,,-2.4400001E-6,1.0400000,
,,,-2.4300000E-6,1.0400000,
,,,-2.4200001E-6,1.0400000,
,,,-2.4100000E-6,1.0599999,
,,,-2.4000001E-6,1.0599999,
,,,-2.3900000E-6,1.0599999,
,,,-2.3800001E-6,1.0200000,
,,,-2.3699999E-6,1.0400000,
,,,-2.3600001E-6,1.0599999,
,,,-2.3499999E-6,1.0400000,
,,,-2.3400000E-6,1.0599999,
,,,-2.3299999E-6,1.0200000,
,,,-2.3200000E-6,1.0200000,
,,,-2.3099999E-6,1.0400000,
,,,-2.3000000E-6,1.0400000,
,,,-2.2900001E-6,1.0200000,
,,,-2.2800000E-6,1.0400000,
,,,-2.2700001E-6,1.0400000,
,,,-2.2600000E-6,1.0400000,
,,,-2.2500001E-6,1.0400000,
,,,-2.2400000E-6,1.0799999,
,,,-2.2300001E-6,1.0400000,
,,,-2.2199999E-6,1.0200000,
,,,-2.2100000E-6,1.0400000,
,,,-2.1999999E-6,1.0400000,
,,,-2.1900000E-6,1.0400000,
,,,-2.1799999E-6,1.0400000,
,,,-2.1700000E-6,1.0599999,
,,,-2.1600001E-6,1.0599999,
,,,-2.1500000E-6,1.0400000,
,,,-2.1400001E-6,1.0599999,
,,,-2.1300000E-6,1.0599999,
,,,-2.1200001E-6,1.0799999,
,,,-2.1100000E-6,1.000000,
,,,-2.1000001E-6,1.0200000,
,,,-2.0900000E-6,1.0400000,
,,,-2.0800001E-6,1.0799999,
,,,-2.0699999E-6,1.0599999,
,,,-2.0600000E-6,1.0599999,
,,,-2.0499999E-6,1.0400000,
,,,-2.0400000E-6,1.0400000,
,,,-2.0299999E-6,1.0400000,
,,,-2.0200000E-6,1.0599999,
,,,-2.0100001E-6,1.0400000,
,,,-2.0000000E-6,1.0599999,
,,,-1.9900001E-6,1.0400000,
,,,-1.9800000E-6,1.0799999,
,,,-1.9700001E-6,1.0400000,
,,,-1.9600000E-6,1.0599999,
,,,-1.9500001E-6,1.0400000,
,,,-1.9399999E-6,1.0400000,
,,,-1.9300001E-6,1.0599999,
,,,-1.9199999E-6,1.0400000,
,,,-1.9100000E-6,1.0400000,
,,,-1.9000000E-6,1.0599999,
,,,-1.8900000E-6,1.0599999,
,,,-1.8800000E-6,1.0400000,
,,,-1.8700000E-6,1.0400000,
,,,-1.8600000E-6,1.0400000,
,,,-1.8500000E-6,1.0599999,
,,,-1.8400000E-6,1.0599999,
,,,-1.8300000E-6,1.0400000,
,,,-1.8200000E-6,1.0400000,
,,,-1.8100001E-6,1.0400000,
,,,-1.8000001E-6,1.0400000,
,,,-1.7900001E-6,1.0599999,
,,,-1.7800000E-6,1.0400000,
,,,-1.7700000E-6,1.0400000,
,,,-1.7600000E-6,1.0200000,
,,,-1.7500000E-6,1.0599999,
,,,-1.7400000E-6,1.0599999,
,,,-1.7300000E-6,1.0400000,
,,,-1.7200000E-6,1.0200000,
,,,-1.7100000E-6,1.0200000,
,,,-1.7000000E-6,1.0599999,
,,,-1.6900000E-6,1.0599999,
,,,-1.6800000E-6,1.0599999,
,,,-1.6700000E-6,1.0200000,
,,,-1.6600001E-6,1.0400000,
,,,-1.6500001E-6,1.0799999,
,,,-1.6400001E-6,1.0400000,
,,,-1.6300000E-6,1.0599999,
,,,-1.6200000E-6,1.0400000,
,,,-1.6100000E-6,1.0599999,
,,,-1.6000000E-6,1.0599999,
,,,-1.5900000E-6,1.0400000,
,,,-1.5800000E-6,1.0200000,
,,,-1.5700000E-6,1.0200000,
,,,-1.5600000E-6,1.0400000,
,,,-1.5500000E-6,1.0400000,
,,,-1.5400000E-6,1.0599999,
,,,-1.5300000E-6,1.0599999,
,,,-1.5200001E-6,1.0400000,
,,,-1.5100001E-6,1.0200000,
,,,-1.5000001E-6,1.0400000,
,,,-1.4900000E-6,1.0400000,
,,,-1.4800000E-6,1.0799999,
,,,-1.4700000E-6,1.0200000,
,,,-1.4600000E-6,1.0400000,
,,,-1.4500000E-6,1.0400000,
,,,-1.4400000E-6,1.1000000,
,,,-1.4300000E-6,1.0799999,
,,,-1.4200000E-6,1.0200000,
,,,-1.4100000E-6,1.0200000,
,,,-1.4000000E-6,1.0799999,
,,,-1.3900000E-6,1.0599999,
,,,-1.3800001E-6,1.0400000,
,,,-1.3700001E-6,1.0200000,
,,,-1.3600001E-6,1.0400000,
,,,-1.3500000E-6,1.0799999,
,,,-1.3400000E-6,1.0400000,
,,,-1.3300000E-6,1.0400000,
,,,-1.3200000E-6,1.0400000,
,,,-1.3100000E-6,1.0599999,
,,,-1.3000000E-6,1.0599999,
,,,-1.2900000E-6,1.0599999,
,,,-1.2800000E-6,1.0200000,
,,,-1.2700000E-6,1.0400000,
,,,-1.2600000E-6,1.0799999,
,,,-1.2500000E-6,1.0599999,
,,,-1.2400001E-6,1.0400000,
,,,-1.2300001E-6,1.0200000,
,,,-1.2200001E-6,1.0599999,
,,,-1.2100001E-6,1.0799999,
,,,-1.2000000E-6,1.0400000,
,,,-1.1900000E-6,1.0200000,
,,,-1.1800000E-6,1.0400000,
,,,-1.1700000E-6,1.1000000,
,,,-1.1600000E-6,1.0799999,
,,,-1.1500000E-6,1.0799999,
,,,-1.1400000E-6,1.0400000,
,,,-1.1300000E-6,1.0599999,
,,,-1.1200000E-6,1.0799999,
,,,-1.1100000E-6,1.0599999,
,,,-1.1000000E-6,1.0599999,
,,,-1.0900001E-6,1.0400000,
,,,-1.0800001E-6,1.1000000,
,,,-1.0700001E-6,1.1000000,
,,,-1.0600000E-6,1.0400000,
,,,-1.0500000E-6,1.0599999,
,,,-1.0400000E-6,1.0599999,
,,,-1.0300000E-6,1.0799999,
,,,-1.0200000E-6,1.0400000,
,,,-1.0100000E-6,1.0400000,
,,,-1.000000E-6,1.0599999,
,,,-989.999989542E-9,1.0599999,
,,,-979.999981610E-9,1.0400000,
,,,-969.999973677E-9,1.0400000,
,,,-959.999965744E-9,1.0599999,
,,,-950.000014655E-9,1.0599999,
,,,-940.000006722E-9,1.0799999,
,,,-929.999998789E-9,1.0400000,
,,,-920.000047699E-9,1.0599999,
,,,-910.000039767E-9,1.0599999,
,,,-900.000031834E-9,1.0599999,
,,,-890.000023901E-9,1.0400000,
,,,-880.000015968E-9,1.0400000,
,,,-870.000008035E-9,1.0599999,
,,,-860.000000102E-9,1.0799999,
,,,-850.000049013E-9,1.0799999,
,,,-840.000041080E-9,1.0599999,
,,,-830.000033147E-9,1.0599999,
,,,-820.000025215E-9,1.0599999,
,,,-810.000017282E-9,1.0599999,
,,,-800.000009349E-9,1.0799999,
,,,-790.000001416E-9,1.0599999,
,,,-780.000050327E-9,1.0400000,
,,,-770.000042394E-9,1.0400000,
,,,-760.000034461E-9,1.0799999,
,,,-750.000026528E-9,1.0799999,
,,,-740.000018595E-9,1.0599999,
,,,-730.000010662E-9,1.0599999,
,,,-720.000002730E-9,1.0599999,
,,,-709.999994797E-9,1.0599999,
,,,-700.000043707E-9,1.0400000,
,,,-690.000035775E-9,1.0400000,
,,,-680.000027842E-9,1.0599999,
,,,-670.000019909E-9,1.0599999,
,,,-660.000011976E-9,1.0400000,
,,,-650.000004043E-9,1.0400000,
,,,-639.999996110E-9,1.0799999,
,,,-630.000045021E-9,1.0599999,
,,,-620.000037088E-9,1.0400000,
,,,-610.000029155E-9,1.0599999,
,,,-600.000021223E-9,1.0599999,
,,,-590.000013290E-9,1.0599999,
,,,-580.000005357E-9,1.0400000,
,,,-569.999997424E-9,1.0599999,
,,,-560.000046335E-9,1.0599999,
,,,-550.000038402E-9,1.0599999,
,,,-540.000030469E-9,1.0599999,
,,,-530.000022536E-9,1.0200000,
,,,-520.000014603E-9,1.0599999,
,,,-510.000006670E-9,1.0599999,
,,,-499.999998738E-9,1.0599999,
,,,-490.000047648E-9,1.0599999,
,,,-480.000039715E-9,1.0200000,
,,,-470.000031783E-9,1.0599999,
,,,-460.000023850E-9,1.0400000,
,,,-450.000015917E-9,1.0400000,
,,,-440.000036406E-9,1.0599999,
,,,-430.000028473E-9,1.0799999,
,,,-420.000020540E-9,1.0599999,
,,,-410.000012607E-9,1.0599999,
,,,-400.00003310E-9,1.0599999,
,,,-390.00002516E-9,1.0400000,
,,,-380.00001723E-9,1.0799999,
,,,-370.00003772E-9,1.0599999,
,,,-360.00002979E-9,1.0599999,
,,,-350.00002185E-9,1.0599999,
,,,-340.00001392E-9,1.0400000,
,,,-330.00003441E-9,1.0599999,
,,,-320.00002648E-9,1.0400000,
,,,-310.00001854E-9,1.0599999,
,,,-300.00001061E-9,1.0400000,
,,,-290.00003110E-9,1.0400000,
,,,-280.00002317E-9,1.0400000,
,,,-270.00001523E-9,1.0400000,
,,,-260.00003572E-9,1.0400000,
,,,-250.00002779E-9,1.0400000,
,,,-240.00001986E-9,1.0599999,
,,,-230.00002614E-9,1.0599999,
,,,-220.00003241E-9,1.0200000,
,,,-210.00002448E-9,1.0400000,
,,,-200.00003076E-9,1.0400000,
,,,-190.00002283E-9,1.0200000,
,,,-180.00002910E-9,1.0599999,
,,,-170.00002117E-9,1.0400000,
,,,-160.00002745E-9,1.0400000,
,,,-150.00001952E-9,1.0400000,
,,,-140.0000258E-9,1.0599999,
,,,-130.0000321E-9,1.0400000,
,,,-120.0000241E-9,1.0599999,
,,,-110.0000233E-9,1.0400000,
,,,-100.0000225E-9,1.0599999,
,,,-90.000028763E-9,1.0799999,
,,,-80.000027936E-9,1.0599999,
,,,-70.000027108E-9,1.0200000,
,,,-60.000026281E-9,879.999995232E-3,
,,,-50.00002545E-9,1.2400000,
,,,-40.00002463E-9,1.5200000,
,,,-30.00002735E-9,1.3399999,
,,,-20.0000265E-9,1.3399999,
,,,-10.0000266E-9,1.2800000,
,,,-26.64535224E-15,1.4200000,
,,,9.999973294E-9,1.6200000,
,,,19.9999732E-9,1.8800000,
,,,29.99997406E-9,1.2800000,
,,,39.99997489E-9,-1.000000,
,,,49.99997216E-9,319.99999285E-3,
,,,59.999976543E-9,2.0200000,
,,,69.999970265E-9,1.6400000,
,,,79.999971092E-9,1.5599999,
,,,89.999971919E-9,680.000007153E-3,
,,,99.999972747E-9,539.999961853E-3,
,,,109.9999736E-9,1.2800000,
,,,119.9999673E-9,1.3000000,
,,,129.9999752E-9,1.1799999,
,,,139.9999690E-9,699.999988079E-3,
,,,149.99997688E-9,719.999969006E-3,
,,,159.99997061E-9,1.1999999,
,,,169.99997854E-9,1.1600000,
,,,179.99997226E-9,1.2200000,
,,,189.99996598E-9,1.1600000,
,,,199.99997392E-9,939.999997616E-3,
,,,209.99996764E-9,1.0400000,
,,,219.99997557E-9,979.999959469E-3,
,,,229.99996929E-9,1.1000000,
,,,239.99996301E-9,1.2400000,
,,,249.99997095E-9,1.2600000,
,,,259.99997888E-9,1.1799999,
,,,269.99995839E-9,1.0599999,
,,,279.99996632E-9,1.0599999,
,,,289.99997426E-9,1.1600000,
,,,299.99998219E-9,1.0799999,
,,,309.99996170E-9,1.1000000,
,,,319.99996963E-9,1.1400000,
,,,329.99997757E-9,1.1200000,
,,,339.99998550E-9,1.1000000,
,,,349.99996501E-9,1.000000,
,,,359.99997294E-9,1.0200000,
,,,369.99998088E-9,1.1400000,
,,,379.99996039E-9,1.1600000,
,,,389.99996832E-9,1.1000000,
,,,399.99997625E-9,1.0200000,
,,,409.999984186E-9,1.0400000,
,,,419.999963697E-9,1.1799999,
,,,429.999971630E-9,1.1999999,
,,,439.999979562E-9,1.1200000,
,,,449.999959073E-9,1.0599999,
,,,459.999967006E-9,1.0599999,
,,,469.999974939E-9,1.1799999,
,,,479.999982872E-9,1.1999999,
,,,489.999990805E-9,1.1200000,
,,,499.999941894E-9,1.0799999,
,,,509.999949827E-9,1.1000000,
,,,519.999957760E-9,1.1000000,
,,,529.999965693E-9,1.1000000,
,,,539.999973626E-9,1.1000000,
,,,549.999981558E-9,1.1400000,
,,,559.999989491E-9,1.1200000,
,,,569.999997424E-9,1.1000000,
,,,579.999948513E-9,1.0200000,
,,,589.999956446E-9,1.0400000,
,,,599.999964379E-9,1.1000000,
,,,609.999972312E-9,1.1799999,
,,,619.999980245E-9,1.1799999,
,,,629.999988178E-9,1.1200000,
,,,639.999996110E-9,1.0799999,
,,,649.999947200E-9,1.1000000,
,,,659.999955133E-9,1.1400000,
,,,669.999963065E-9,1.1200000,
,,,679.999970998E-9,1.1200000,
,,,689.999978931E-9,1.1200000,
,,,699.999986864E-9,1.1600000,
,,,709.999994797E-9,1.1000000,
,,,719.999945886E-9,1.1000000,
,,,729.999953819E-9,1.1400000,
,,,739.999961752E-9,1.1000000,
,,,749.999969685E-9,1.1200000,
,,,759.999977618E-9,1.1000000,
,,,769.999985550E-9,1.0599999,
,,,779.999993483E-9,1.1000000,
,,,789.999944573E-9,1.1000000,
,,,799.999952505E-9,1.1000000,
,,,809.999960438E-9,1.1000000,
,,,819.999968371E-9,1.0799999,
,,,829.999976304E-9,1.0799999,
,,,839.999984237E-9,1.1200000,
,,,849.999992170E-9,1.1200000,
,,,859.999943259E-9,1.0799999,
,,,869.999951192E-9,1.1000000,
,,,879.999959125E-9,1.1000000,
,,,889.999967058E-9,1.1200000,
,,,899.999974990E-9,1.1200000,
,,,909.999982923E-9,1.1400000,
,,,919.999990856E-9,1.1000000,
,,,929.999941945E-9,1.1200000,
,,,939.999949878E-9,1.0599999,
,,,949.999957811E-9,1.1000000,
,,,959.999965744E-9,1.0599999,
,,,969.999973677E-9,1.0599999,
,,,979.999981610E-9,1.0799999,
,,,989.999989542E-9,1.1200000,
,,,1.000000E-6,1.0599999,
,,,1.0100000E-6,1.0400000,
,,,1.0200000E-6,1.0400000,
,,,1.0300000E-6,1.0400000,
,,,1.0399999E-6,1.0599999,
,,,1.0499999E-6,1.0599999,
,,,1.0599999E-6,1.0599999,
,,,1.0699999E-6,1.0599999,
,,,1.0799999E-6,1.0599999,
,,,1.0900000E-6,1.0799999,
,,,1.1000000E-6,1.0400000,
,,,1.1100000E-6,1.0599999,
,,,1.1200000E-6,1.0599999,
,,,1.1300000E-6,1.0599999,
,,,1.1400000E-6,1.0799999,
,,,1.1500000E-6,1.0400000,
,,,1.1600000E-6,1.0200000,
,,,1.1700000E-6,1.000000,
,,,1.1799999E-6,1.0400000,
,,,1.1899999E-6,1.0400000,
,,,1.1999999E-6,1.0400000,
,,,1.2099999E-6,1.0200000,
,,,1.2199999E-6,1.0200000,
,,,1.2300000E-6,1.0200000,
,,,1.2400000E-6,1.0200000,
,,,1.2500000E-6,979.999959469E-3,
,,,1.2600000E-6,1.0200000,
,,,1.2700000E-6,1.000000,
,,,1.2800000E-6,1.0599999,
,,,1.2900000E-6,1.000000,
,,,1.3000000E-6,1.0200000,
,,,1.3100000E-6,1.000000,
,,,1.3199999E-6,1.0200000,
,,,1.3299999E-6,979.999959469E-3,
,,,1.3399999E-6,1.0400000,
,,,1.3499999E-6,1.0200000,
,,,1.3599999E-6,1.000000,
,,,1.3699999E-6,979.999959469E-3,
,,,1.3800000E-6,1.000000,
,,,1.3900000E-6,1.000000,
,,,1.4000000E-6,1.000000,
,,,1.4100000E-6,979.999959469E-3,
,,,1.4200000E-6,1.000000,
,,,1.4300000E-6,1.0200000,
,,,1.4400000E-6,1.000000,
,,,1.4500000E-6,979.999959469E-3,
,,,1.4600000E-6,959.999978542E-3,
,,,1.4699999E-6,1.000000,
,,,1.4799999E-6,1.000000,
,,,1.4899999E-6,1.000000,
,,,1.4999999E-6,979.999959469E-3,
,,,1.5099999E-6,1.0200000,
,,,1.5200000E-6,979.999959469E-3,
,,,1.5300000E-6,1.000000,
,,,1.5400000E-6,1.000000,
,,,1.5500000E-6,1.000000,
,,,1.5600000E-6,979.999959469E-3,
,,,1.5700000E-6,979.999959469E-3,
,,,1.5800000E-6,1.000000,
,,,1.5900000E-6,1.000000,
,,,1.6000000E-6,1.000000,
,,,1.6099999E-6,1.000000,
,,,1.6199999E-6,979.999959469E-3,
,,,1.6299999E-6,979.999959469E-3,
,,,1.6399999E-6,979.999959469E-3,
,,,1.6499999E-6,979.999959469E-3,
,,,1.6600000E-6,1.000000,
,,,1.6700000E-6,1.000000,
,,,1.6800000E-6,979.999959469E-3,
,,,1.6900000E-6,979.999959469E-3,
,,,1.7000000E-6,979.999959469E-3,
,,,1.7100000E-6,1.0400000,
,,,1.7200000E-6,1.0200000,
,,,1.7300000E-6,1.000000,
,,,1.7400000E-6,959.999978542E-3,
,,,1.7499999E-6,979.999959469E-3,
,,,1.7599999E-6,1.000000,
,,,1.7699999E-6,1.000000,
,,,1.7799999E-6,959.999978542E-3,
,,,1.7899999E-6,959.999978542E-3,
,,,1.7999999E-6,1.0200000,
,,,1.8100000E-6,1.0400000,
,,,1.8200000E-6,1.000000,
,,,1.8300000E-6,959.999978542E-3,
,,,1.8400000E-6,1.0200000,
,,,1.8500000E-6,1.0200000,
,,,1.8600000E-6,1.0200000,
,,,1.8700000E-6,979.999959469E-3,
,,,1.8800000E-6,1.000000,
,,,1.8899999E-6,1.0400000,
,,,1.8999999E-6,1.0799999,
,,,1.9100000E-6,1.000000,
,,,1.9199999E-6,979.999959469E-3,
,,,1.9300001E-6,1.0200000,
,,,1.9399999E-6,1.0799999,
,,,1.9500001E-6,1.000000,
,,,1.9600000E-6,979.999959469E-3,
,,,1.9699999E-6,959.999978542E-3,
,,,1.9800000E-6,1.0400000,
,,,1.9899999E-6,1.0400000,
,,,2.0000000E-6,1.0200000,
,,,2.0099999E-6,979.999959469E-3,
,,,2.0200000E-6,1.0200000,
,,,2.0299999E-6,1.0400000,
,,,2.0400000E-6,1.000000,
,,,2.0499999E-6,1.000000,
,,,2.0600000E-6,1.0200000,
,,,2.0699999E-6,1.0400000,
,,,2.0800001E-6,1.0400000,
,,,2.0900000E-6,1.0400000,
,,,2.1000001E-6,1.0200000,
,,,2.1100000E-6,1.0400000,
,,,2.1199999E-6,1.0599999,
,,,2.1300000E-6,1.0599999,
,,,2.1399999E-6,1.0200000,
,,,2.1500000E-6,1.0400000,
,,,2.1599999E-6,1.0799999,
,,,2.1700000E-6,1.0799999,
,,,2.1799999E-6,1.0200000,
,,,2.1900000E-6,1.0400000,
,,,2.1999999E-6,1.0599999,
,,,2.2100000E-6,1.0599999,
,,,2.2199999E-6,1.0599999,
,,,2.2300001E-6,1.0400000,
,,,2.2400000E-6,1.0200000,
,,,2.2499999E-6,1.0599999,
,,,2.2600000E-6,1.0799999,
,,,2.2699999E-6,1.0400000,
,,,2.2800000E-6,1.0400000,
,,,2.2899999E-6,1.0799999,
,,,2.3000000E-6,1.0799999,
,,,2.3099999E-6,1.0599999,
,,,2.3200000E-6,1.0599999,
,,,2.3299999E-6,1.0799999,
,,,2.3400000E-6,1.0799999,
,,,2.3499999E-6,1.0799999,
,,,2.3600001E-6,1.0400000,
,,,2.3699999E-6,1.0599999,
,,,2.3800001E-6,1.0599999,
,,,2.3900000E-6,1.0799999,
,,,2.3999999E-6,1.0799999,
,,,2.4100000E-6,1.0599999,
,,,2.4199999E-6,1.0799999,
,,,2.4300000E-6,1.1000000,
,,,2.4399999E-6,1.0799999,
,,,2.4500000E-6,1.0799999,
,,,2.4599999E-6,1.0599999,
,,,2.4700000E-6,1.1000000,
,,,2.4799999E-6,1.1000000,
,,,2.4900000E-6,1.0599999,
,,,2.4999999E-6,1.0599999,
,,,2.5100001E-6,1.0599999,
,,,2.5200000E-6,1.0799999,
,,,2.5299998E-6,1.0799999,
,,,2.5400000E-6,1.0799999,
,,,2.5499999E-6,1.0799999,
,,,2.5600000E-6,1.1000000,
,,,2.5699999E-6,1.0799999,
,,,2.5800000E-6,1.1000000,
,,,2.5899999E-6,1.0799999,
,,,2.6000000E-6,1.1200000,
,,,2.6099999E-6,1.1000000,
,,,2.6200000E-6,1.0799999,
,,,2.6299999E-6,1.0799999,
,,,2.6400000E-6,1.0599999,
,,,2.6499999E-6,1.0400000,
,,,2.6600001E-6,1.0799999,
,,,2.6700000E-6,1.0799999,
,,,2.6799999E-6,1.1000000,
,,,2.6900000E-6,1.0799999,
,,,2.6999999E-6,1.0799999,
,,,2.7100000E-6,1.1000000,
,,,2.71999988E-6,1.0799999,
,,,2.73000001E-6,1.0599999,
,,,2.73999990E-6,1.1000000,
,,,2.75000002E-6,1.0599999,
,,,2.75999992E-6,1.1000000,
,,,2.77000004E-6,1.0799999,
,,,2.77999993E-6,1.0599999,
,,,2.79000005E-6,1.1200000,
,,,2.79999995E-6,1.0599999,
,,,2.81000007E-6,1.0799999,
,,,2.81999996E-6,1.0799999,
,,,2.82999986E-6,1.0799999,
,,,2.83999998E-6,1.0799999,
,,,2.84999987E-6,1.0799999,
,,,2.86000000E-6,1.0799999,
,,,2.86999989E-6,1.1000000,
,,,2.88000001E-6,1.0799999,
,,,2.88999991E-6,1.0799999,
,,,2.90000003E-6,1.1000000,
,,,2.90999992E-6,1.0799999,
,,,2.92000004E-6,1.0799999,
,,,2.92999994E-6,1.1000000,
,,,2.94000006E-6,1.0599999,
,,,2.94999995E-6,1.0599999,
,,,2.95999985E-6,1.0599999,
,,,2.96999997E-6,1.1000000,
,,,2.97999986E-6,1.0599999,
,,,2.98999998E-6,1.0599999,
,,,2.99999988E-6,1.0599999,
,,,3.01000000E-6,1.0599999,
,,,3.01999989E-6,1.0599999,
,,,3.03000002E-6,1.0400000,
,,,3.03999991E-6,1.0799999,
,,,3.05000003E-6,1.0799999,
,,,3.05999993E-6,1.0799999,
,,,3.07000005E-6,1.0400000,
,,,3.07999994E-6,1.0599999,
,,,3.09000006E-6,1.0599999,
,,,3.09999996E-6,1.0799999,
,,,3.10999985E-6,1.0599999,
,,,3.11999997E-6,1.0599999,
,,,3.12999987E-6,1.0599999,
,,,3.13999999E-6,1.0599999,
,,,3.14999988E-6,1.0599999,
,,,3.16000001E-6,1.0599999,
,,,3.16999990E-6,1.0599999,
,,,3.18000002E-6,1.0599999,
,,,3.18999992E-6,1.0400000,
,,,3.20000004E-6,1.0599999,
,,,3.20999993E-6,1.0400000,
,,,3.22000005E-6,1.0200000,
,,,3.22999995E-6,1.0200000,
,,,3.23999984E-6,1.0200000,
,,,3.24999996E-6,1.0599999,
,,,3.25999986E-6,1.0599999,
,,,3.26999998E-6,1.0200000,
,,,3.27999987E-6,1.0400000,
,,,3.29000000E-6,1.0599999,
,,,3.29999989E-6,1.0599999,
,,,3.31000001E-6,1.0200000,
,,,3.31999991E-6,1.0200000,
,,,3.33000003E-6,1.0599999,
,,,3.33999992E-6,1.0400000,
,,,3.35000004E-6,1.0200000,
,,,3.35999994E-6,1.000000,
,,,3.37000006E-6,1.0799999,
,,,3.37999995E-6,1.0200000,
,,,3.38999985E-6,1.000000,
,,,3.39999997E-6,1.000000,
,,,3.40999986E-6,1.0400000,
,,,3.41999998E-6,1.0200000,
,,,3.42999988E-6,1.000000,
,,,3.44000000E-6,1.000000,
,,,3.44999989E-6,1.0400000,
,,,3.46000002E-6,1.0200000,
,,,3.46999991E-6,1.0400000,
,,,3.48000003E-6,1.0200000,
,,,3.48999993E-6,1.0400000,
,,,3.50000005E-6,1.0200000,
,,,3.50999994E-6,1.0400000,
,,,3.52000006E-6,1.0400000,
,,,3.52999996E-6,1.000000,
,,,3.53999985E-6,1.0599999,
,,,3.54999997E-6,1.0200000,
,,,3.55999987E-6,1.0200000,
,,,3.56999999E-6,1.0200000,
,,,3.57999988E-6,1.0200000,
,,,3.59000001E-6,1.0200000,
,,,3.59999990E-6,1.0400000,
,,,3.61000002E-6,1.0200000,
,,,3.61999992E-6,1.000000,
,,,3.63000004E-6,1.000000,
,,,3.63999993E-6,1.000000,
,,,3.65000005E-6,1.0400000,
,,,3.65999995E-6,1.0400000,
,,,3.66999984E-6,979.999959469E-3,
,,,3.67999996E-6,979.999959469E-3,
,,,3.68999986E-6,1.000000,
,,,3.69999998E-6,1.0200000,
,,,3.70999987E-6,1.0200000,
,,,3.72000000E-6,979.999959469E-3,
,,,3.72999989E-6,1.000000,
,,,3.74000001E-6,1.0200000,
,,,3.74999991E-6,1.0599999,
,,,3.76000003E-6,1.0400000,
,,,3.76999992E-6,1.0200000,
,,,3.78000004E-6,1.0400000,
,,,3.78999994E-6,979.999959469E-3,
,,,3.80000006E-6,1.000000,
,,,3.80999995E-6,1.000000,
,,,3.82000007E-6,1.0200000,
,,,3.82999997E-6,1.000000,
,,,3.83999986E-6,1.0200000,
,,,3.84999976E-6,1.000000,
,,,3.86000011E-6,1.0400000,
,,,3.87000000E-6,1.000000,
,,,3.87999989E-6,979.999959469E-3,
,,,3.88999979E-6,1.000000,
,,,3.90000014E-6,1.0200000,
,,,3.91000003E-6,1.0200000,
,,,3.91999993E-6,1.000000,
,,,3.92999982E-6,979.999959469E-3,
,,,3.94000017E-6,1.000000,
,,,3.95000006E-6,1.000000,
,,,3.95999996E-6,1.0200000,
,,,3.96999985E-6,1.0200000,
,,,3.97999975E-6,1.0200000,
,,,3.99000010E-6,1.0200000,
,,,3.99999999E-6,1.0200000,
,,,4.00999988E-6,1.000000,
,,,4.01999978E-6,1.000000,
,,,4.03000013E-6,1.000000,
,,,4.04000002E-6,1.0400000,
,,,4.04999992E-6,1.0400000,
,,,4.05999981E-6,1.0200000,
,,,4.07000016E-6,1.0599999,
,,,4.08000005E-6,1.0599999,
,,,4.08999995E-6,1.0200000,
,,,4.09999984E-6,1.0400000,
,,,4.10999974E-6,1.000000,
,,,4.12000009E-6,979.999959469E-3,
,,,4.12999998E-6,1.1000000,
,,,4.13999987E-6,1.0799999,
,,,4.14999977E-6,1.0599999,
,,,4.16000012E-6,1.000000,
,,,4.17000001E-6,1.0200000,
,,,4.17999991E-6,1.0599999,
,,,4.18999980E-6,1.0400000,
,,,4.20000015E-6,1.0400000,
,,,4.21000004E-6,1.0799999,
,,,4.21999994E-6,1.0400000,
,,,4.22999983E-6,1.0200000,
,,,4.23999973E-6,1.0200000,
,,,4.25000007E-6,1.0200000,
,,,4.25999997E-6,1.0799999,
,,,4.26999986E-6,1.0599999,
,,,4.27999976E-6,1.0799999,
,,,4.29000011E-6,1.0599999,
,,,4.30000000E-6,1.0599999,
,,,4.30999989E-6,1.0799999,
,,,4.31999979E-6,1.0400000,
,,,4.33000014E-6,1.0400000,
,,,4.34000003E-6,1.0400000,
,,,4.34999993E-6,1.0799999,
,,,4.35999982E-6,1.1000000,
,,,4.37000017E-6,1.0799999,
,,,4.38000006E-6,1.0200000,
,,,4.38999996E-6,1.0599999,
,,,4.39999985E-6,1.0799999,
,,,4.40999975E-6,1.0599999,
,,,4.42000010E-6,1.0400000,
,,,4.42999999E-6,1.0599999,
,,,4.43999988E-6,1.0799999,
,,,4.44999978E-6,1.0599999,
,,,4.46000013E-6,1.0599999,
,,,4.47000002E-6,1.0200000,
,,,4.47999992E-6,1.000000,
,,,4.48999981E-6,1.0599999,
,,,4.50000016E-6,1.1400000,
,,,4.51000005E-6,1.1200000,
,,,4.51999995E-6,1.0599999,
,,,4.52999984E-6,1.0200000,
,,,4.53999974E-6,1.0799999,
,,,4.55000009E-6,1.0799999,
,,,4.55999998E-6,1.0799999,
,,,4.56999987E-6,1.0200000,
,,,4.57999977E-6,1.0400000,
,,,4.59000012E-6,1.1400000,
,,,4.60000001E-6,1.1200000,
,,,4.60999991E-6,1.000000,
,,,4.61999980E-6,1.000000,
,,,4.63000015E-6,1.1000000,
,,,4.64000004E-6,1.1200000,
,,,4.64999994E-6,1.0799999,
,,,4.65999983E-6,1.000000,
,,,4.66999973E-6,1.0599999,
,,,4.68000007E-6,1.1400000,
,,,4.68999997E-6,1.1400000,
,,,4.69999986E-6,1.0200000,
,,,4.70999976E-6,1.000000,
,,,4.72000011E-6,1.1200000,
,,,4.73000000E-6,1.1200000,
,,,4.73999989E-6,1.0799999,
,,,4.74999979E-6,1.000000,
,,,4.76000014E-6,1.0400000,
,,,4.77000003E-6,1.1400000,
,,,4.77999993E-6,1.1000000,
,,,4.78999982E-6,1.0200000,
,,,4.80000017E-6,1.0400000,
,,,4.81000006E-6,1.1000000,
,,,4.81999996E-6,1.1000000,
,,,4.82999985E-6,1.0799999,
,,,4.83999975E-6,1.000000,
,,,4.85000010E-6,1.0599999,
,,,4.85999999E-6,1.1400000,
,,,4.86999988E-6,1.1400000,
,,,4.87999978E-6,1.0599999,
,,,4.89000013E-6,1.0400000,
,,,4.90000002E-6,1.0599999,
,,,4.90999992E-6,1.1400000,
,,,4.91999981E-6,1.0799999,
,,,4.93000016E-6,1.0200000,
,,,4.94000005E-6,1.0599999,
,,,4.94999995E-6,1.1200000,
,,,4.95999984E-6,1.0799999,
,,,4.96999974E-6,1.0200000,
,,,4.98000009E-6,1.0200000,
,,,4.98999998E-6,1.0400000,
,,,4.99999987E-6,1.0799999,
,,,5.00999977E-6,1.0599999,
,,,5.02000012E-6,1.0599999,
,,,5.03000001E-6,1.0599999,
,,,5.03999991E-6,1.1000000,
,,,5.04999980E-6,1.0799999,
,,,5.06000015E-6,1.0200000,
,,,5.07000004E-6,1.0400000,
,,,5.07999994E-6,1.0599999,
,,,5.08999983E-6,1.1000000,
,,,5.09999973E-6,1.0799999,
,,,5.11000007E-6,1.0400000,
,,,5.11999997E-6,1.0200000,
,,,5.12999986E-6,1.0599999,
,,,5.13999976E-6,1.0599999,
,,,5.15000011E-6,1.0400000,
,,,5.16000000E-6,1.0599999,
,,,5.16999989E-6,1.0599999,
,,,5.17999979E-6,1.1000000,
,,,5.19000014E-6,1.0400000,
,,,5.20000003E-6,1.0200000,
,,,5.20999993E-6,1.000000,
,,,5.21999982E-6,1.0200000,
,,,5.22999972E-6,1.0599999,
,,,5.24000006E-6,1.0599999,
,,,5.24999996E-6,1.0200000,
,,,5.25999985E-6,1.0400000,
,,,5.26999975E-6,1.0599999,
,,,5.28000010E-6,1.0400000,
,,,5.28999999E-6,1.0200000,
,,,5.29999988E-6,1.0599999,
,,,5.30999978E-6,1.0400000,
,,,5.32000013E-6,1.0400000,
,,,5.33000002E-6,1.0400000,
,,,5.33999992E-6,1.0400000,
,,,5.34999981E-6,1.0599999,
,,,5.36000016E-6,1.0200000,
,,,5.37000005E-6,1.0200000,
,,,5.37999995E-6,1.0200000,
,,,5.38999984E-6,1.0400000,
,,,5.39999974E-6,1.0599999,
,,,5.41000009E-6,1.0200000,
,,,5.41999998E-6,1.0200000,
,,,5.42999987E-6,1.0400000,
,,,5.43999977E-6,1.0400000,
,,,5.45000012E-6,1.0200000,
,,,5.46000001E-6,1.000000,
,,,5.46999991E-6,1.0400000,
,,,5.47999980E-6,1.0400000,
,,,5.49000015E-6,1.0200000,
,,,5.50000004E-6,1.0200000,
,,,5.50999994E-6,1.0400000,
,,,5.51999983E-6,1.0200000,
,,,5.52999973E-6,1.0200000,
,,,5.54000007E-6,1.0200000,
,,,5.54999997E-6,1.0200000,
,,,5.55999986E-6,1.0200000,
,,,5.56999976E-6,1.0400000,
,,,5.58000011E-6,1.0400000,
,,,5.59000000E-6,1.000000,
,,,5.59999989E-6,1.0400000,
,,,5.60999979E-6,1.0200000,
,,,5.62000014E-6,1.0400000,
,,,5.63000003E-6,1.000000,
,,,5.63999993E-6,1.000000,
,,,5.64999982E-6,1.0400000,
,,,5.65999972E-6,1.0200000,
,,,5.67000006E-6,1.0599999,
,,,5.67999996E-6,1.0400000,
,,,5.68999985E-6,1.0400000,
,,,5.69999975E-6,1.0200000,
,,,5.71000010E-6,1.0200000,
,,,5.71999999E-6,1.0200000,
,,,5.72999988E-6,1.0200000,
,,,5.73999978E-6,1.0200000,
,,,5.75000013E-6,1.000000,
,,,5.76000002E-6,1.0400000,
,,,5.76999992E-6,1.0200000,
,,,5.77999981E-6,979.999959469E-3,
,,,5.79000016E-6,1.0200000,
,,,5.80000005E-6,1.0400000,
,,,5.80999995E-6,1.000000,
,,,5.81999984E-6,1.0200000,
,,,5.82999974E-6,1.0400000,
,,,5.84000009E-6,1.0400000,
,,,5.84999998E-6,1.0400000,
,,,5.85999987E-6,1.0200000,
,,,5.86999977E-6,1.0200000,
,,,5.88000012E-6,1.0400000,
,,,5.89000001E-6,1.0400000,
,,,5.89999991E-6,1.0400000,
,,,5.90999980E-6,1.0400000,
,,,5.92000015E-6,1.0200000,
,,,5.93000004E-6,1.0599999,
,,,5.93999994E-6,1.0400000,
,,,5.94999983E-6,1.0400000,
,,,5.95999973E-6,1.0400000,
,,,5.97000007E-6,1.0400000,
,,,5.97999997E-6,1.0200000,
,,,5.98999986E-6,1.0200000,
,,,5.99999976E-6,1.000000,
,,,6.01000011E-6,1.0200000,
,,,6.02000000E-6,1.0599999,
,,,6.02999989E-6,1.0599999,
,,,6.03999979E-6,1.000000,
,,,6.05000014E-6,1.0400000,
,,,6.06000003E-6,1.0400000,
,,,6.06999993E-6,1.0400000,
,,,6.07999982E-6,1.0200000,
,,,6.08999972E-6,1.0200000,
,,,6.10000006E-6,1.0400000,
,,,6.10999996E-6,1.0599999,
,,,6.11999985E-6,1.0400000,
,,,6.12999975E-6,1.0400000,
,,,6.14000010E-6,1.0400000,
,,,6.14999999E-6,1.0599999,
,,,6.15999988E-6,1.0200000,
,,,6.16999978E-6,1.0599999,
,,,6.18000013E-6,1.0599999,
,,,6.19000002E-6,1.0400000,
,,,6.19999992E-6,1.0200000,
,,,6.20999981E-6,1.0400000,
,,,6.22000016E-6,1.0599999,
,,,6.23000005E-6,1.0599999,
,,,6.23999995E-6,1.0400000,
,,,6.24999984E-6,1.0200000,
,,,6.25999974E-6,1.0799999,
,,,6.27000009E-6,1.0599999,
,,,6.27999998E-6,1.0400000,
,,,6.28999987E-6,1.0400000,
,,,6.29999977E-6,1.0400000,
,,,6.31000012E-6,1.0599999,
,,,6.32000001E-6,1.0599999,
,,,6.32999991E-6,1.0400000,
,,,6.33999980E-6,1.0599999,
,,,6.35000015E-6,1.0599999,
,,,6.36000004E-6,1.0799999,
,,,6.36999994E-6,1.0400000,
,,,6.37999983E-6,1.0799999,
,,,6.38999973E-6,1.0400000,
,,,6.40000007E-6,1.0400000,
,,,6.40999997E-6,1.0599999,
,,,6.41999986E-6,1.0599999,
,,,6.42999976E-6,1.0599999,
,,,6.44000011E-6,1.0799999,
,,,6.45000000E-6,1.0799999,
,,,6.45999990E-6,1.0599999,
,,,6.46999979E-6,1.0599999,
,,,6.48000014E-6,1.0599999,
,,,6.49000003E-6,1.0599999,
,,,6.49999993E-6,1.0599999,
,,,6.50999982E-6,1.0799999,
,,,6.51999972E-6,1.0799999,
,,,6.53000006E-6,1.0599999,
,,,6.53999996E-6,1.0599999,
,,,6.54999985E-6,1.0599999,
,,,6.55999975E-6,1.0799999,
,,,6.57000010E-6,1.0599999,
,,,6.57999999E-6,1.0599999,
,,,6.58999988E-6,1.0599999,
,,,6.59999978E-6,1.0599999,
,,,6.61000013E-6,1.0599999,
,,,6.62000002E-6,1.0799999,
,,,6.62999992E-6,1.0400000,
,,,6.63999981E-6,1.0400000,
,,,6.65000016E-6,1.0400000,
,,,6.66000005E-6,1.0599999,
,,,6.66999995E-6,1.1000000,
,,,6.67999984E-6,1.0599999,
,,,6.68999974E-6,1.0599999,
,,,6.70000009E-6,1.0799999,
,,,6.70999998E-6,1.0599999,
,,,6.71999987E-6,1.0799999,
,,,6.72999977E-6,1.0599999,
,,,6.74000012E-6,1.0400000,
,,,6.75000001E-6,1.1000000,
,,,6.75999991E-6,1.0400000,
,,,6.76999980E-6,1.0799999,
,,,6.78000015E-6,1.0400000,
,,,6.79000004E-6,1.0599999,
,,,6.79999994E-6,1.0799999,
,,,6.80999983E-6,1.1000000,
,,,6.81999973E-6,1.0799999,
,,,6.83000007E-6,1.0599999,
,,,6.83999997E-6,1.0799999,
,,,6.84999986E-6,1.1000000,
,,,6.85999976E-6,1.0599999,
,,,6.87000011E-6,1.0799999,
,,,6.88000000E-6,1.0599999,
,,,6.88999990E-6,1.0799999,
,,,6.89999979E-6,1.0599999,
,,,6.91000014E-6,1.0799999,
,,,6.92000003E-6,1.0599999,
,,,6.92999993E-6,1.0599999,
,,,6.93999982E-6,1.0599999,
,,,6.94999972E-6,1.0400000,
,,,6.96000006E-6,1.1000000,
,,,6.96999996E-6,1.0599999,
,,,6.97999985E-6,1.0599999,
,,,6.98999975E-6,1.0400000,
,,,7.00000010E-6,1.0400000,
,,,7.00999999E-6,1.1000000,
,,,7.01999988E-6,1.0599999,
,,,7.02999978E-6,1.0799999,
,,,7.04000013E-6,1.0400000,
,,,7.05000002E-6,1.0400000,
,,,7.05999992E-6,1.0599999,
,,,7.06999981E-6,1.0599999,
,,,7.07999970E-6,1.0799999,
,,,7.09000005E-6,1.0599999,
,,,7.09999995E-6,1.0400000,
,,,7.10999984E-6,1.0599999,
,,,7.11999974E-6,1.0599999,
,,,7.13000009E-6,1.0400000,
,,,7.13999998E-6,1.0599999,
,,,7.14999987E-6,1.0200000,
,,,7.15999977E-6,1.0599999,
,,,7.17000012E-6,1.0400000,
,,,7.18000001E-6,1.0599999,
,,,7.18999991E-6,1.0599999,
,,,7.19999980E-6,1.0400000,
,,,7.21000015E-6,1.0400000,
,,,7.22000004E-6,1.0400000,
,,,7.22999994E-6,1.0400000,
,,,7.23999983E-6,1.0400000,
,,,7.24999973E-6,1.0400000,
,,,7.26000007E-6,1.0400000,
,,,7.26999997E-6,1.0400000,
,,,7.27999986E-6,1.0599999,
,,,7.28999976E-6,1.0400000,
,,,7.30000011E-6,1.0400000,
,,,7.31000000E-6,1.0400000,
,,,7.31999990E-6,1.0400000,
,,,7.32999979E-6,1.0400000,
,,,7.34000014E-6,1.0400000,
,,,7.35000003E-6,1.0400000,
,,,7.35999993E-6,1.0200000,
,,,7.36999982E-6,1.0599999,
,,,7.37999972E-6,1.0200000,
,,,7.390000064E-6,1.0400000,
,,,7.399999959E-6,1.0400000,
,,,7.409999853E-6,1.0400000,
,,,7.419999747E-6,1.0200000,
,,,7.430000096E-6,1.0400000,
,,,7.439999990E-6,1.0400000,
,,,7.449999885E-6,1.0400000,
,,,7.459999779E-6,1.0200000,
,,,7.470000128E-6,1.0400000,
,,,7.480000022E-6,1.0400000,
,,,7.489999916E-6,1.0400000,
,,,7.499999811E-6,1.0599999,
,,,7.509999705E-6,1.0200000,
,,,7.520000054E-6,1.0200000,
,,,7.529999948E-6,1.0400000,
,,,7.539999842E-6,1.0400000,
,,,7.549999737E-6,1.0400000,
,,,7.560000086E-6,1.0200000,
,,,7.569999980E-6,1.0200000,
,,,7.579999874E-6,1.0400000,
,,,7.589999768E-6,1.0400000,
,,,7.600000117E-6,1.000000,
,,,7.610000011E-6,1.0200000,
,,,7.619999906E-6,1.0200000,
,,,7.630000255E-6,1.0200000,
,,,7.640000149E-6,1.0200000,
,,,7.650000043E-6,1.0599999,
,,,7.659999937E-6,1.0400000,
,,,7.669999832E-6,1.0200000,
,,,7.679999726E-6,1.0400000,
,,,7.689999620E-6,1.0400000,
,,,7.699999514E-6,1.0200000,
,,,7.710000318E-6,1.0200000,
,,,7.720000212E-6,1.0200000,
,,,7.730000107E-6,1.000000,
,,,7.740000001E-6,1.0599999,
,,,7.749999895E-6,1.0200000,
,,,7.759999789E-6,1.0200000,
,,,7.769999684E-6,1.0200000,
,,,7.779999578E-6,1.0400000,
,,,7.789999472E-6,1.0400000,
,,,7.800000276E-6,1.0400000,
,,,7.810000170E-6,1.0200000,
,,,7.820000064E-6,1.0400000,
,,,7.829999959E-6,1.0400000,
,,,7.839999853E-6,1.0400000,
,,,7.849999747E-6,1.0200000,
,,,7.859999641E-6,1.000000,
,,,7.869999536E-6,1.000000,
,,,7.880000339E-6,1.0400000,
,,,7.890000234E-6,1.0400000,
,,,7.900000128E-6,1.0400000,
,,,7.910000022E-6,1.0400000,
,,,7.919999916E-6,1.0599999,
,,,7.929999811E-6,1.0200000,
,,,7.939999705E-6,1.000000,
,,,7.949999599E-6,1.0400000,
,,,7.959999493E-6,1.000000,
,,,7.970000297E-6,1.0599999,
,,,7.980000191E-6,1.0200000,
,,,7.990000086E-6,1.000000,
,,,7.999999980E-6,1.0599999,
,,,8.009999874E-6,1.0200000,
,,,8.019999768E-6,1.0400000,
,,,8.029999663E-6,1.0200000,
,,,8.039999557E-6,1.0400000,
,,,8.050000361E-6,1.0599999,
,,,8.060000255E-6,1.0599999,
,,,8.070000149E-6,1.0400000,
,,,8.080000043E-6,1.0400000,
,,,8.089999938E-6,1.0200000,
,,,8.099999832E-6,1.0400000,
,,,8.109999726E-6,1.0400000,
,,,8.119999620E-6,1.0200000,
,,,8.129999514E-6,1.0400000,
,,,8.140000318E-6,1.0200000,
,,,8.150000212E-6,1.0599999,
,,,8.160000107E-6,1.0400000,
,,,8.170000001E-6,1.0400000,
,,,8.179999895E-6,1.0200000,
,,,8.189999789E-6,1.0400000,
,,,8.199999684E-6,1.0400000,
,,,8.209999578E-6,1.0400000,
,,,8.219999472E-6,1.0400000,
,,,8.230000276E-6,1.0400000,
,,,8.240000170E-6,1.0400000,
,,,8.250000064E-6,1.0200000,
,,,8.259999959E-6,1.0599999,
,,,8.269999853E-6,1.0400000,
,,,8.279999747E-6,1.0400000,
,,,8.289999641E-6,1.0200000,
,,,8.299999536E-6,1.0400000,
,,,8.310000339E-6,1.0599999,
,,,8.320000234E-6,1.0400000,
,,,8.330000128E-6,1.0599999,
,,,8.340000022E-6,1.0599999,
,,,8.349999916E-6,1.0599999,
,,,8.359999811E-6,1.0400000,
,,,8.369999705E-6,1.0200000,
,,,8.379999599E-6,1.0400000,
,,,8.389999493E-6,1.0400000,
,,,8.400000297E-6,1.0400000,
,,,8.410000191E-6,1.0200000,
,,,8.420000086E-6,1.0200000,
,,,8.429999980E-6,1.0599999,
,,,8.439999874E-6,1.0400000,
,,,8.449999768E-6,1.0200000,
,,,8.459999663E-6,1.0599999,
,,,8.469999557E-6,1.0599999,
,,,8.480000361E-6,1.0599999,
,,,8.490000255E-6,1.0799999,
,,,8.500000149E-6,1.0400000,
,,,8.510000043E-6,1.0599999,
,,,8.519999938E-6,1.0400000,
,,,8.529999832E-6,1.0599999,
,,,8.539999726E-6,1.0400000,
,,,8.549999620E-6,1.0400000,
,,,8.559999515E-6,1.0599999,
,,,8.570000318E-6,1.0400000,
,,,8.580000213E-6,1.0400000,
,,,8.590000107E-6,1.0400000,
,,,8.600000001E-6,1.0400000,
,,,8.609999895E-6,1.0400000,
,,,8.619999790E-6,1.0599999,
,,,8.629999684E-6,1.0400000,
,,,8.639999578E-6,1.0599999,
,,,8.649999472E-6,1.0400000,
,,,8.660000276E-6,1.0799999,
,,,8.670000170E-6,1.0400000,
,,,8.680000064E-6,1.0400000,
,,,8.689999959E-6,1.0599999,
,,,8.699999853E-6,1.0599999,
,,,8.709999747E-6,1.0599999,
,,,8.719999641E-6,1.0400000,
,,,8.729999536E-6,1.0799999,
,,,8.740000339E-6,1.0599999,
,,,8.750000234E-6,1.0599999,
,,,8.760000128E-6,1.0400000,
,,,8.770000022E-6,1.0799999,
,,,8.779999916E-6,1.0400000,
,,,8.789999811E-6,1.0599999,
,,,8.799999705E-6,1.0599999,
,,,8.809999599E-6,1.0599999,
,,,8.819999493E-6,1.0599999,
,,,8.830000297E-6,1.0599999,
,,,8.840000191E-6,1.0400000,
,,,8.850000086E-6,1.0599999,
,,,8.859999980E-6,1.0599999,
,,,8.869999874E-6,1.0400000,
,,,8.879999768E-6,1.0599999,
,,,8.889999663E-6,1.0400000,
,,,8.899999557E-6,1.0200000,
,,,8.910000361E-6,1.0599999,
,,,8.920000255E-6,1.0400000,
,,,8.930000149E-6,1.0799999,
,,,8.940000043E-6,1.0400000,
,,,8.949999938E-6,1.0400000,
,,,8.959999832E-6,1.0799999,
,,,8.969999726E-6,1.0599999,
,,,8.979999620E-6,1.0599999,
,,,8.989999515E-6,1.0799999,
,,,9.000000318E-6,1.0400000,
,,,9.010000213E-6,1.0200000,
,,,9.020000107E-6,1.0599999,
,,,9.030000001E-6,1.0400000,
,,,9.039999895E-6,1.0799999,
,,,9.049999790E-6,1.0799999,
,,,9.059999684E-6,1.0400000,
,,,9.069999578E-6,1.0799999,
,,,9.079999472E-6,1.0599999,
,,,9.090000276E-6,1.0799999,
,,,9.100000170E-6,1.0400000,
,,,9.110000065E-6,1.0599999,
,,,9.119999959E-6,1.0599999,
,,,9.129999853E-6,1.0599999,
,,,9.139999747E-6,1.0599999,
,,,9.149999642E-6,1.0400000,
,,,9.159999536E-6,1.0400000,
,,,9.170000340E-6,1.0400000,
,,,9.180000234E-6,1.0200000,
,,,9.190000128E-6,1.0400000,
,,,9.200000022E-6,1.0400000,
,,,9.209999916E-6,1.0599999,
,,,9.219999811E-6,1.0599999,
,,,9.229999705E-6,1.0599999,
,,,9.239999599E-6,1.0799999,
,,,9.249999493E-6,1.0400000,
,,,9.260000297E-6,1.0599999,
,,,9.270000191E-6,1.0400000,
,,,9.280000086E-6,1.0799999,
,,,9.289999980E-6,1.0599999,
,,,9.299999874E-6,1.0599999,
,,,9.309999768E-6,1.0599999,
,,,9.319999663E-6,1.0400000,
,,,9.329999557E-6,1.0799999,
,,,9.340000361E-6,1.0599999,
,,,9.350000255E-6,1.0599999,
,,,9.360000149E-6,1.0200000,
,,,9.370000043E-6,1.0200000,
,,,9.379999938E-6,1.0799999,
,,,9.389999832E-6,1.0599999,
,,,9.399999726E-6,1.0400000,
,,,9.409999620E-6,1.0200000,
,,,9.419999515E-6,1.0400000,
,,,9.430000318E-6,1.0799999,
,,,9.440000213E-6,1.0599999,
,,,9.450000107E-6,1.0400000,
,,,9.460000001E-6,1.0400000,
,,,9.469999895E-6,1.0400000,
,,,9.479999790E-6,1.0799999,
,,,9.489999684E-6,1.0599999,
,,,9.499999578E-6,1.000000,
,,,9.509999472E-6,1.0400000,
,,,9.520000276E-6,1.1000000,
,,,9.530000170E-6,1.0799999,
,,,9.540000065E-6,1.0400000,
,,,9.549999959E-6,1.000000,
,,,9.559999853E-6,1.0400000,
,,,9.569999747E-6,1.0799999,
,,,9.579999642E-6,1.0400000,
,,,9.589999536E-6,1.000000,
,,,9.600000340E-6,1.0400000,
,,,9.610000234E-6,1.1000000,
,,,9.620000128E-6,1.0400000,
,,,9.630000022E-6,1.0200000,
,,,9.639999917E-6,1.0200000,
,,,9.649999811E-6,1.0200000,
,,,9.659999705E-6,1.0200000,
,,,9.669999599E-6,1.0400000,
,,,9.679999494E-6,1.000000,
,,,9.690000297E-6,1.0200000,
,,,9.700000192E-6,1.0400000,
,,,9.710000086E-6,1.0400000,
,,,9.719999980E-6,1.0400000,
,,,9.729999874E-6,1.0200000,
,,,9.739999768E-6,1.0400000,
,,,9.749999663E-6,1.0599999,
,,,9.759999557E-6,1.0599999,
,,,9.770000361E-6,1.0200000,
,,,9.780000255E-6,1.0400000,
,,,9.790000149E-6,1.0799999,
,,,9.800000043E-6,1.0799999,
,,,9.809999938E-6,1.0400000,
,,,9.819999832E-6,1.0400000,
,,,9.829999726E-6,1.0200000,
,,,9.839999620E-6,1.0799999,
,,,9.849999515E-6,1.0599999,
,,,9.860000318E-6,1.0400000,
,,,9.870000213E-6,1.0200000,
,,,9.880000107E-6,1.0400000,
,,,9.890000001E-6,1.0400000,
,,,9.899999895E-6,1.0400000,
,,,9.909999790E-6,1.0200000,
,,,9.919999684E-6,1.0400000,
,,,9.929999578E-6,1.0200000,
,,,9.939999472E-6,1.0200000,
,,,9.950000276E-6,1.0400000,
,,,9.960000170E-6,1.0200000,
,,,9.970000065E-6,1.0400000,
,,,9.979999959E-6,1.0599999,
,,,9.989999853E-6,1.0400000,
,,,9.999999747E-6,1.000000,
,,,10.0099996E-6,1.0400000,
,,,10.0199995E-6,1.0599999,
,,,10.0300003E-6,1.0400000,
,,,10.0400002E-6,1.0200000,
,,,10.0500001E-6,1.0400000,
,,,10.0600000E-6,1.0599999,
,,,10.0699999E-6,1.0400000,
,,,10.0799998E-6,1.0400000,
,,,10.0899997E-6,1.0400000,
,,,10.0999996E-6,1.0400000,
,,,10.1099995E-6,1.0799999,
,,,10.1200003E-6,1.0400000,
,,,10.1300002E-6,1.0400000,
,,,10.1400001E-6,1.0599999,
,,,10.1500000E-6,1.0400000,
,,,10.1599999E-6,1.0599999,
,,,10.1699998E-6,1.0200000,
,,,10.1799997E-6,1.0200000,
,,,10.1899996E-6,1.0599999,
,,,10.2000004E-6,1.0400000,
,,,10.2100003E-6,1.0400000,
,,,10.2200001E-6,1.0200000,
,,,10.2300000E-6,1.0599999,
,,,10.2399999E-6,1.0599999,
,,,10.2499998E-6,1.0599999,
,,,10.2599997E-6,1.0400000,
,,,10.2699996E-6,1.0200000,
,,,10.2799995E-6,1.0400000,
,,,10.2900003E-6,1.0599999,
,,,10.3000002E-6,1.0599999,
,,,10.3100001E-6,1.0200000,
,,,10.3200000E-6,1.0400000,
,,,10.3299999E-6,1.0599999,
,,,10.3399998E-6,1.0599999,
,,,10.3499997E-6,1.0200000,
,,,10.3599996E-6,1.000000,
,,,10.3699995E-6,1.0599999,
,,,10.3800003E-6,1.0799999,
,,,10.3900002E-6,1.0599999,
,,,10.4000001E-6,1.0200000,
,,,10.4100000E-6,1.0400000,
,,,10.4199999E-6,1.0799999,
,,,10.4299997E-6,1.0599999,
,,,10.4399996E-6,1.0200000,
,,,10.4499995E-6,1.0400000,
,,,10.4600003E-6,1.0599999,
,,,10.4700002E-6,1.0599999,
,,,10.4800001E-6,1.0599999,
,,,10.4900000E-6,1.0200000,
,,,10.4999999E-6,1.0599999,
,,,10.5099998E-6,1.0799999,
,,,10.5199997E-6,1.0599999,
,,,10.5299996E-6,1.0599999,
,,,10.5399995E-6,1.0200000,
,,,10.5500003E-6,1.0400000,
,,,10.5600002E-6,1.0400000,
,,,10.5700001E-6,1.0599999,
,,,10.5800000E-6,1.0599999,
,,,10.5899999E-6,1.0599999,
,,,10.5999998E-6,1.0400000,
,,,10.6099997E-6,1.0599999,
,,,10.6199996E-6,1.0599999,
,,,10.6300004E-6,1.0400000,
,,,10.6400003E-6,1.0599999,
,,,10.6500001E-6,1.0400000,
,,,10.6600000E-6,1.0799999,
,,,10.6699999E-6,1.0599999,
,,,10.6799998E-6,1.0599999,
,,,10.6899997E-6,1.0400000,
,,,10.6999996E-6,1.0200000,
,,,10.7099995E-6,1.0599999,
,,,10.7200003E-6,1.0599999,
,,,10.7300002E-6,1.0599999,
,,,10.7400001E-6,1.0400000,
,,,10.7500000E-6,1.0400000,
,,,10.7599999E-6,1.0599999,
,,,10.7699998E-6,1.0599999,
,,,10.7799997E-6,1.0400000,
,,,10.7899996E-6,1.0400000,
,,,10.7999995E-6,1.0799999,
,,,10.8100003E-6,1.1000000,
,,,10.8200002E-6,1.0400000,
,,,10.8300001E-6,1.0400000,
,,,10.8400000E-6,1.0400000,
,,,10.8499999E-6,1.0599999,
,,,10.8599997E-6,1.0599999,
,,,10.8699996E-6,1.0599999,
,,,10.8799995E-6,1.0400000,
,,,10.8900003E-6,1.0599999,
,,,10.9000002E-6,1.0599999,
,,,10.9100001E-6,1.0599999,
,,,10.9200000E-6,1.0799999,
,,,10.9299999E-6,1.0400000,
,,,10.9399998E-6,1.0400000,
,,,10.9499997E-6,1.0599999,
,,,10.9599996E-6,1.0599999,
,,,10.9699995E-6,1.0400000,
,,,10.9800003E-6,1.0599999,
,,,10.9900002E-6,1.0400000,
,,,11.0000001E-6,1.0400000,
,,,11.0100000E-6,1.0599999,
,,,11.0199999E-6,1.0799999,
,,,11.0299998E-6,1.0599999,
,,,11.0399997E-6,1.0799999,
,,,11.0499996E-6,1.0599999,
,,,11.0599995E-6,1.0400000,
,,,11.0700003E-6,1.0599999,
,,,11.0800001E-6,1.0599999,
,,,11.0900000E-6,1.0599999,
,,,11.0999999E-6,1.0599999,
,,,11.1099998E-6,1.0400000,
,,,11.1199997E-6,1.0799999,
,,,11.1299996E-6,1.0400000,
,,,11.1399995E-6,1.0599999,
,,,11.1500003E-6,1.0400000,
,,,11.1600002E-6,1.0599999,
,,,11.1700001E-6,1.0599999,
,,,11.1800000E-6,1.0799999,
,,,11.1899999E-6,1.0400000,
,,,11.1999998E-6,1.0400000,
,,,11.2099997E-6,1.0400000,
,,,11.2199996E-6,1.0400000,
,,,11.2299995E-6,1.0200000,
,,,11.2400003E-6,1.0400000,
,,,11.2500002E-6,1.0400000,
,,,11.2600001E-6,1.0599999,
,,,11.2700000E-6,1.0400000,
,,,11.2799999E-6,1.0200000,
,,,11.2899997E-6,1.0400000,
,,,11.2999996E-6,1.0400000,
,,,11.3099995E-6,1.0599999,
,,,11.3200003E-6,1.0400000,
,,,11.3300002E-6,1.0599999,
,,,11.3400001E-6,1.000000,
,,,11.3500000E-6,1.0200000,
,,,11.3599999E-6,1.0400000,
,,,11.3699998E-6,1.0200000,
,,,11.3799997E-6,1.0400000,
,,,11.3899996E-6,1.0599999,
,,,11.3999995E-6,1.0400000,
,,,11.4100003E-6,1.0400000,
,,,11.4200002E-6,1.0200000,
,,,11.4300001E-6,1.0799999,
,,,11.4400000E-6,1.0799999,
,,,11.4499999E-6,1.0400000,
,,,11.4599998E-6,1.0599999,
,,,11.4699997E-6,1.000000,
,,,11.4799996E-6,1.000000,
,,,11.4899995E-6,1.1400000,
,,,11.5000003E-6,1.1000000,
,,,11.5100001E-6,1.0200000,
,,,11.5200000E-6,1.000000,
,,,11.5299999E-6,1.0799999,
,,,11.5399998E-6,1.1200000,
,,,11.5499997E-6,1.0200000,
,,,11.5599996E-6,979.999959469E-3,
,,,11.5699995E-6,1.0799999,
,,,11.5800003E-6,1.1200000,
,,,11.5900002E-6,1.0400000,
,,,11.6000001E-6,959.999978542E-3,
,,,11.6100000E-6,1.0200000,
,,,11.6199999E-6,1.1200000,
,,,11.6299998E-6,1.1000000,
,,,11.6399997E-6,1.000000,
,,,11.6499996E-6,1.0200000,
,,,11.6599995E-6,1.0799999,
,,,11.6700003E-6,1.1200000,
,,,11.6800002E-6,1.0400000,
,,,11.6900001E-6,979.999959469E-3,
,,,11.7000000E-6,1.0799999,
,,,11.7099999E-6,1.0799999,
,,,11.7199997E-6,1.0799999,
,,,11.7299996E-6,1.000000,
,,,11.7399995E-6,1.0200000,
,,,11.7500003E-6,1.0599999,
,,,11.7600002E-6,1.1400000,
,,,11.7700001E-6,1.0599999,
,,,11.7800000E-6,1.0200000,
,,,11.7899999E-6,1.0400000,
,,,11.7999998E-6,1.1200000,
,,,11.8099997E-6,1.0799999,
,,,11.8199996E-6,1.0200000,
,,,11.8299995E-6,1.0200000,
,,,11.8400003E-6,1.1000000,
,,,11.8500002E-6,1.0799999,
,,,11.8600001E-6,1.0599999,
,,,11.8700000E-6,1.0200000,
,,,11.8799999E-6,1.0400000,
,,,11.8899998E-6,1.0799999,
,,,11.8999997E-6,1.0400000,
,,,11.9099996E-6,1.0200000,
,,,11.9199995E-6,1.0200000,
,,,11.9300003E-6,1.0400000,
,,,11.9400001E-6,1.0599999,
,,,11.9500000E-6,1.0599999,
,,,11.9599999E-6,1.0200000,
,,,11.9699998E-6,1.0400000,
,,,11.9799997E-6,1.0799999,
,,,11.9899996E-6,1.0400000,
,,,11.9999995E-6,1.0200000,
,,,12.0100003E-6,1.0400000,
,,,12.0200002E-6,1.0400000,
,,,12.0300001E-6,1.0599999,
,,,12.0400000E-6,1.0799999,
,,,12.0499999E-6,1.0200000,
,,,12.0599998E-6,1.0599999,
,,,12.0699997E-6,1.0599999,
,,,12.0799996E-6,1.0599999,
,,,12.0899995E-6,1.0200000,
,,,12.1000003E-6,1.0400000,
,,,12.1100002E-6,1.0599999,
,,,12.1200001E-6,1.0599999,
,,,12.1300000E-6,1.0200000,
,,,12.1399999E-6,1.0200000,
,,,12.1499997E-6,1.0400000,
,,,12.1599996E-6,1.0599999,
,,,12.1699995E-6,1.0599999,
,,,12.1800003E-6,1.0200000,
,,,12.1900002E-6,1.0200000,
,,,12.2000001E-6,1.0599999,
,,,12.2100000E-6,1.0400000,
,,,12.2199999E-6,1.0200000,
,,,12.2299998E-6,1.0400000,
,,,12.2399997E-6,1.0400000,
,,,12.2499996E-6,1.0400000,
,,,12.2599995E-6,1.0599999,
,,,12.2700003E-6,1.0200000,
,,,12.2800002E-6,1.0400000,
,,,12.2900001E-6,1.0400000,
,,,12.3000000E-6,1.0400000,
,,,12.3099999E-6,1.0400000,
,,,12.3199998E-6,1.0599999,
,,,12.3299997E-6,1.0400000,
,,,12.3399996E-6,1.000000,
,,,12.3499995E-6,1.0599999,
,,,12.3600003E-6,1.0400000,
,,,12.3700001E-6,1.0599999,
,,,12.3800000E-6,1.0599999,
,,,12.3899999E-6,1.0400000,
,,,12.3999998E-6,1.000000,
,,,12.4099997E-6,1.0200000,
,,,12.4199996E-6,1.0599999,
,,,12.4299995E-6,1.0400000,
,,,12.4400003E-6,1.0599999,
,,,12.4500002E-6,1.0200000,
,,,12.4600001E-6,1.0599999,
,,,12.4700000E-6,1.0400000,
,,,12.4799999E-6,1.0400000,
,,,12.4899998E-6,1.0400000,
,,,12.4999997E-6,1.0599999,
,,,12.5099996E-6,1.0400000,
,,,12.5199995E-6,1.0599999,
,,,12.5300003E-6,1.0200000,
,,,12.5400002E-6,1.0400000,
,,,12.5500001E-6,1.0400000,
,,,12.5600000E-6,1.0400000,
,,,12.5699999E-6,1.0400000,
,,,12.5799997E-6,1.0200000,
,,,12.5899996E-6,1.0200000,
,,,12.5999995E-6,1.0799999,
,,,12.6100003E-6,1.0400000,
,,,12.6200002E-6,1.000000,
,,,12.6300001E-6,1.0200000,
,,,12.6400000E-6,1.0400000,
,,,12.6499999E-6,1.0200000,
,,,12.6599998E-6,1.0400000,
,,,12.6699997E-6,1.0200000,
,,,12.6799996E-6,1.000000,
,,,12.6899995E-6,1.0400000,
,,,12.7000003E-6,1.0400000,
,,,12.7100002E-6,1.0400000,
,,,12.7200001E-6,1.0200000,
,,,12.7300000E-6,1.0599999,
,,,12.7399999E-6,1.0200000,
,,,12.7499998E-6,1.0400000,
,,,12.7599997E-6,1.0400000,
,,,12.7699996E-6,1.0400000,
,,,12.7799995E-6,1.0200000,
,,,12.7900003E-6,1.0599999,
,,,12.8000001E-6,1.0200000,
,,,12.8100000E-6,1.0599999,
,,,12.8199999E-6,1.0599999,
,,,12.8299998E-6,1.0599999,
,,,12.8399997E-6,1.0400000,
,,,12.8499996E-6,1.0599999,
,,,12.8599995E-6,1.0599999,
,,,12.8700003E-6,1.0400000,
,,,12.8800002E-6,1.0400000,
,,,12.8900001E-6,1.0599999,
,,,12.9000000E-6,1.0200000,
,,,12.9099999E-6,1.0599999,
,,,12.9199998E-6,1.0400000,
,,,12.9299997E-6,1.0400000,
,,,12.9399996E-6,1.0400000,
,,,12.9499995E-6,1.0599999,
,,,12.9600003E-6,1.0799999,
,,,12.9700002E-6,1.0599999,
,,,12.9800001E-6,1.0400000,
,,,12.9900000E-6,1.0599999,
,,,12.9999999E-6,1.1000000,
,,,13.0099997E-6,1.0599999,
,,,13.0199996E-6,1.0599999,
,,,13.0299995E-6,1.0400000,
,,,13.0400003E-6,1.0400000,
,,,13.0500002E-6,1.0599999,
,,,13.0600001E-6,1.0599999,
,,,13.0700000E-6,1.0599999,
,,,13.0799999E-6,1.0400000,
,,,13.0899998E-6,1.0400000,
,,,13.0999997E-6,1.0799999,
,,,13.1099996E-6,1.0599999,
,,,13.1199995E-6,1.0400000,
,,,13.1300003E-6,1.0200000,
,,,13.1400002E-6,1.0400000,
,,,13.1500001E-6,1.0599999,
,,,13.1600000E-6,1.0599999,
,,,13.1699999E-6,1.0200000,
,,,13.1799998E-6,1.0400000,
,,,13.1899997E-6,1.0799999,
,,,13.1999996E-6,1.0799999,
,,,13.2099995E-6,1.0400000,
,,,13.2200003E-6,1.0400000,
,,,13.2300001E-6,1.0599999,
,,,13.2400000E-6,1.0400000,
,,,13.2499999E-6,1.0599999,
,,,13.2599998E-6,1.0400000,
,,,13.2699997E-6,1.0400000,
,,,13.2799996E-6,1.0599999,
,,,13.2899995E-6,1.0599999,
,,,13.3000003E-6,1.0400000,
,,,13.3100002E-6,1.0599999,
,,,13.3200001E-6,1.0400000,
,,,13.3300000E-6,1.0599999,
,,,13.3399999E-6,1.0599999,
,,,13.3499998E-6,1.0599999,
,,,13.3599997E-6,1.0599999,
,,,13.3699996E-6,1.0599999,
,,,13.3799995E-6,1.0599999,
,,,13.3900003E-6,1.0599999,
,,,13.4000002E-6,1.0400000,
,,,13.4100001E-6,1.0599999,
,,,13.4200000E-6,1.0599999,
,,,13.4299999E-6,1.0599999,
,,,13.4399997E-6,1.0599999,
,,,13.4499996E-6,1.0599999,
,,,13.4599995E-6,1.0599999,
,,,13.4700003E-6,1.0599999,
,,,13.4800002E-6,1.0599999,
,,,13.4900001E-6,1.0599999,
,,,13.5000000E-6,1.0799999,
,,,13.5099999E-6,1.0599999,
,,,13.5199998E-6,1.0400000,
,,,13.5299997E-6,1.0400000,
,,,13.5399996E-6,1.0400000,
,,,13.5499995E-6,1.0200000,
,,,13.5600003E-6,1.0599999,
,,,13.5700002E-6,1.0200000,
,,,13.5800001E-6,1.0400000,
,,,13.5900000E-6,1.0400000,
,,,13.5999999E-6,1.0599999,
,,,13.6099998E-6,1.0599999,
,,,13.6199997E-6,1.0200000,
,,,13.6299996E-6,1.0799999,
,,,13.6399995E-6,1.0799999,
,,,13.6500003E-6,1.0599999,
,,,13.6600001E-6,1.0400000,
,,,13.6700000E-6,1.0599999,
,,,13.6799999E-6,1.0599999,
,,,13.6899998E-6,1.0599999,
,,,13.6999997E-6,1.0400000,
,,,13.7099996E-6,1.0599999,
,,,13.7199995E-6,1.0599999,
,,,13.7300003E-6,1.0599999,
,,,13.7400002E-6,1.0599999,
,,,13.7500001E-6,1.0400000,
,,,13.7600000E-6,1.0599999,
,,,13.7699999E-6,1.0400000,
,,,13.7799998E-6,1.0400000,
,,,13.7899997E-6,1.0599999,
,,,13.7999996E-6,1.0400000,
,,,13.8099995E-6,1.0400000,
,,,13.8200003E-6,1.0799999,
,,,13.8300002E-6,1.0200000,
,,,13.8400001E-6,1.0400000,
,,,13.8500000E-6,1.0400000,
,,,13.8599999E-6,1.0599999,
,,,13.8699997E-6,1.0400000,
,,,13.8799996E-6,1.0400000,
,,,13.8899995E-6,1.0799999,
,,,13.9000003E-6,1.0599999,
,,,13.9100002E-6,1.0200000,
,,,13.9200001E-6,1.0200000,
,,,13.9300000E-6,1.0400000,
,,,13.9399999E-6,1.0799999,
,,,13.9499998E-6,1.0599999,
,,,13.9599997E-6,1.0200000,
,,,13.9699996E-6,1.0599999,
,,,13.9799995E-6,1.0799999,
,,,13.9900003E-6,1.1000000,
,,,14.0000002E-6,1.0200000,
,,,14.0100001E-6,1.0599999,
,,,14.0200000E-6,1.0799999,
,,,14.0299999E-6,1.0799999,
,,,14.0399998E-6,1.0599999,
,,,14.0499997E-6,1.0200000,
,,,14.0599996E-6,1.0400000,
,,,14.0699995E-6,1.0799999,
,,,14.0800003E-6,1.0599999,
,,,14.0900001E-6,1.0599999,
,,,14.1000000E-6,1.0400000,
,,,14.1099999E-6,1.0400000,
,,,14.1199998E-6,1.0599999,
,,,14.1299997E-6,1.0400000,
,,,14.1399996E-6,1.0400000,
,,,14.1499995E-6,1.0400000,
,,,14.1600003E-6,1.0799999,
,,,14.1700002E-6,1.0400000,
,,,14.1800001E-6,1.0200000,
,,,14.1900000E-6,1.0599999,
,,,14.1999999E-6,1.0599999,
,,,14.2099998E-6,1.0599999,
,,,14.2199997E-6,1.0599999,
,,,14.2299996E-6,1.0400000,
,,,14.2399995E-6,1.0200000,
,,,14.2500003E-6,1.0599999,
,,,14.2600002E-6,1.0599999,
,,,14.2700001E-6,1.0200000,
,,,14.2800000E-6,1.0599999,
,,,14.2899999E-6,1.0400000,
,,,14.2999997E-6,1.0599999,
,,,14.3099996E-6,1.0400000,
,,,14.3199995E-6,1.0200000,
,,,14.3300003E-6,1.0599999,
,,,14.3400002E-6,1.0400000,
,,,14.3500001E-6,1.0400000,
,,,14.3600000E-6,1.0599999,
,,,14.3699999E-6,1.0200000,
,,,14.3799998E-6,1.0599999,
,,,14.3899997E-6,1.0400000,
,,,14.3999996E-6,1.0200000,
,,,14.4099995E-6,1.0599999,
,,,14.4200003E-6,1.0400000,
,,,14.4300002E-6,1.0599999,
,,,14.4400001E-6,1.0400000,
,,,14.4500000E-6,1.0400000,
,,,14.4599999E-6,1.0400000,
,,,14.4699998E-6,1.0599999,
,,,14.4799997E-6,1.0599999,
,,,14.4899996E-6,1.0400000,
,,,14.4999995E-6,1.0799999,
,,,14.5100003E-6,1.0200000,
,,,14.5200001E-6,1.0599999,
,,,14.5300000E-6,1.0400000,
,,,14.5399999E-6,1.0200000,
,,,14.5499998E-6,1.0400000,
,,,14.5599997E-6,1.0599999,
,,,14.5699996E-6,1.0599999,
,,,14.5799995E-6,1.0200000,
,,,14.5900003E-6,1.0599999,
,,,14.6000002E-6,1.0599999,
,,,14.6100001E-6,1.0400000,
,,,14.6200000E-6,1.0599999,
,,,14.6299999E-6,1.0200000,
,,,14.6399998E-6,1.0400000,
,,,14.6499997E-6,1.0400000,
,,,14.6599996E-6,1.0200000,
,,,14.6699995E-6,1.0599999,
,,,14.6800003E-6,1.0400000,
,,,14.6900002E-6,1.0200000,
,,,14.7000001E-6,1.0599999,
,,,14.7100000E-6,1.0799999,
,,,14.7199999E-6,1.0400000,
,,,14.7299997E-6,1.0599999,
,,,14.7399996E-6,1.0400000,
,,,14.7499995E-6,1.0799999,
,,,14.7599994E-6,1.0599999,
,,,14.7700002E-6,1.0400000,
,,,14.7800001E-6,1.0400000,
,,,14.7900000E-6,1.0599999,
,,,14.7999999E-6,1.0599999,
,,,14.8099998E-6,1.0400000,
,,,14.8199997E-6,1.0200000,
,,,14.8299996E-6,1.0599999,
,,,14.8399995E-6,1.0400000,
,,,14.8500003E-6,1.0599999,
,,,14.8600002E-6,1.0400000,
,,,14.8700001E-6,1.0599999,
,,,14.8800000E-6,1.0400000,
,,,14.8899999E-6,1.0400000,
,,,14.8999998E-6,1.0599999,
,,,14.9099997E-6,1.0200000,
,,,14.9199996E-6,1.0599999,
,,,14.9299995E-6,1.0599999,
,,,14.9400003E-6,1.0200000,
,,,14.9500001E-6,1.0599999,
,,,14.9600000E-6,1.0400000,
,,,14.9699999E-6,1.0400000,
,,,14.9799998E-6,1.0400000,
,,,14.9899997E-6,1.0400000,
,,,14.9999996E-6,1.0599999,
,,,15.0099995E-6,1.0400000,
,,,15.0200003E-6,1.0599999,
,,,15.0300002E-6,1.0400000,
,,,15.0400001E-6,1.0599999,
,,,15.0500000E-6,1.0400000,
,,,15.0599999E-6,1.0400000,
,,,15.0699998E-6,1.0599999,
,,,15.0799997E-6,1.0599999,
,,,15.0899996E-6,1.0599999,
,,,15.0999995E-6,1.0400000,
,,,15.1100003E-6,1.0200000,
,,,15.1200002E-6,1.0200000,
,,,15.1300001E-6,1.0599999,
,,,15.1400000E-6,1.0599999,
,,,15.1499999E-6,1.0400000,
,,,15.1599997E-6,1.0200000,
,,,15.1699996E-6,1.0400000,
,,,15.1799995E-6,1.0599999,
,,,15.1899994E-6,1.0400000,
,,,15.2000002E-6,1.0799999,
,,,15.2100001E-6,1.0599999,
,,,15.2200000E-6,1.0400000,
,,,15.2299999E-6,1.0400000,
,,,15.2399998E-6,1.0599999,
,,,15.2499997E-6,1.0599999,
,,,15.2600005E-6,1.0200000,
,,,15.2699995E-6,1.0400000,
,,,15.2800003E-6,1.0599999,
,,,15.2899993E-6,1.0599999,
,,,15.3000001E-6,1.0200000,
,,,15.3099991E-6,1.000000,
,,,15.3199999E-6,1.0400000,
,,,15.3300007E-6,1.0599999,
,,,15.3399997E-6,1.0599999,
,,,15.3500005E-6,1.0400000,
,,,15.3599995E-6,1.0200000,
,,,15.3700003E-6,1.0400000,
,,,15.3799992E-6,1.0400000,
,,,15.3900000E-6,1.0599999,
,,,15.3999990E-6,1.0400000,
,,,15.4099998E-6,1.0599999,
,,,15.4200006E-6,1.0599999,
,,,15.4299996E-6,1.0599999,
,,,15.4400004E-6,1.0400000,
,,,15.4499994E-6,1.0400000,
,,,15.4600002E-6,1.0599999,
,,,15.4699992E-6,1.0400000,
,,,15.4800000E-6,1.0599999,
,,,15.4899990E-6,1.0599999,
,,,15.4999998E-6,1.0400000,
,,,15.5100006E-6,1.0400000,
,,,15.5199996E-6,1.0200000,
,,,15.5300004E-6,1.0200000,
,,,15.5399994E-6,1.0400000,
,,,15.5500002E-6,1.0599999,
,,,15.5599992E-6,1.0400000,
,,,15.5700000E-6,1.0599999,
,,,15.5800008E-6,1.0599999,
,,,15.5899997E-6,1.0599999,
,,,15.6000006E-6,1.0599999,
,,,15.6099995E-6,1.0599999,
,,,15.6200003E-6,1.0400000,
,,,15.6299993E-6,1.0400000,
,,,15.6400001E-6,1.0599999,
,,,15.6499991E-6,1.0400000,
,,,15.6599999E-6,1.0799999,
,,,15.6700007E-6,1.0200000,
,,,15.6799997E-6,1.0400000,
,,,15.6900005E-6,1.0400000,
,,,15.6999995E-6,1.0599999,
,,,15.7100003E-6,1.0400000,
,,,15.7199993E-6,1.0599999,
,,,15.7300001E-6,1.0400000,
,,,15.7399991E-6,1.0799999,
,,,15.7499999E-6,1.0400000,
,,,15.7600007E-6,1.0799999,
,,,15.7699997E-6,1.0599999,
,,,15.7800005E-6,1.0400000,
,,,15.7899995E-6,1.0599999,
,,,15.8000003E-6,1.0599999,
,,,15.8099992E-6,1.0400000,
,,,15.8200000E-6,1.0799999,
,,,15.8299990E-6,1.0400000,
,,,15.8399998E-6,1.0400000,
,,,15.8500006E-6,1.0400000,
,,,15.8599996E-6,1.0400000,
,,,15.8700004E-6,1.0799999,
,,,15.8799994E-6,1.0200000,
,,,15.8900002E-6,1.0599999,
,,,15.8999992E-6,1.0400000,
,,,15.9100000E-6,1.0400000,
,,,15.9199990E-6,1.0599999,
,,,15.9299998E-6,1.0799999,
,,,15.9400006E-6,1.0599999,
,,,15.9499996E-6,1.0400000,
,,,15.9600004E-6,1.0599999,
,,,15.9699994E-6,1.0599999,
,,,15.9800002E-6,1.0400000,
,,,15.9899992E-6,1.0599999,
,,,16.0000000E-6,1.0599999,
,,,16.0100008E-6,1.0400000,
,,,16.0199997E-6,1.0599999,
,,,16.0300006E-6,1.0400000,
,,,16.0399995E-6,1.0599999,
,,,16.0500003E-6,1.0599999,
,,,16.0599993E-6,1.0400000,
,,,16.0700001E-6,1.0599999,
,,,16.0799991E-6,1.0400000,
,,,16.0899999E-6,1.0599999,
,,,16.1000007E-6,1.0400000,
,,,16.1099997E-6,1.0400000,
,,,16.1200005E-6,1.0599999,
,,,16.1299995E-6,1.0400000,
,,,16.1400003E-6,1.0200000,
,,,16.1499993E-6,1.0400000,
,,,16.1600001E-6,1.0400000,
,,,16.1699991E-6,1.0599999,
,,,16.1799999E-6,1.0400000,
,,,16.1900007E-6,1.0400000,
,,,16.1999997E-6,1.0599999,
,,,16.2100005E-6,1.0799999,
,,,16.2199995E-6,1.0400000,
,,,16.2300003E-6,1.0400000,
,,,16.2399992E-6,1.0599999,
,,,16.2500000E-6,1.0400000,
,,,16.2599990E-6,1.0400000,
,,,16.2699998E-6,1.0400000,
,,,16.2800006E-6,1.0599999,
,,,16.2899996E-6,1.0200000,
,,,16.3000004E-6,1.0400000,
,,,16.3099994E-6,1.0599999,
,,,16.3200002E-6,1.0799999,
,,,16.3299992E-6,1.0400000,
,,,16.3400000E-6,1.0400000,
,,,16.3499990E-6,1.0400000,
,,,16.3599998E-6,1.0599999,
,,,16.3700006E-6,1.0400000,
,,,16.3799996E-6,1.0400000,
,,,16.3900004E-6,1.0400000,
,,,16.3999994E-6,1.0599999,
,,,16.4100002E-6,1.0599999,
,,,16.4199992E-6,1.0200000,
,,,16.4300000E-6,1.0400000,
,,,16.4400008E-6,1.0200000,
,,,16.4499997E-6,1.0400000,
,,,16.4600006E-6,1.0799999,
,,,16.4699995E-6,1.0599999,
,,,16.4800003E-6,1.0400000,
,,,16.4899993E-6,1.0400000,
,,,16.5000001E-6,1.0400000,
,,,16.5099991E-6,1.0599999,
,,,16.5199999E-6,1.0400000,
,,,16.5300007E-6,1.0200000,
,,,16.5399997E-6,1.0200000,
,,,16.5500005E-6,1.0400000,
,,,16.5599995E-6,1.0799999,
,,,16.5700003E-6,1.0599999,
,,,16.5799993E-6,1.0200000,
,,,16.5900001E-6,1.0200000,
,,,16.5999991E-6,1.0599999,
,,,16.6099999E-6,1.0599999,
,,,16.6200007E-6,1.0200000,
,,,16.6299997E-6,1.0400000,
,,,16.6400005E-6,1.0200000,
,,,16.6499995E-6,1.0400000,
,,,16.6600003E-6,1.0400000,
,,,16.6699992E-6,1.0400000,
,,,16.6800000E-6,1.0200000,
,,,16.6899990E-6,1.0599999,
,,,16.6999998E-6,1.0200000,
,,,16.7100006E-6,1.0599999,
,,,16.7199996E-6,1.0400000,
,,,16.7300004E-6,1.0599999,
,,,16.7399994E-6,1.0400000,
,,,16.7500002E-6,1.0799999,
,,,16.7599992E-6,1.0200000,
,,,16.7700000E-6,1.0599999,
,,,16.7799990E-6,1.0599999,
,,,16.7899998E-6,1.0400000,
,,,16.8000006E-6,1.0200000,
,,,16.8099996E-6,1.0400000,
,,,16.8200004E-6,1.0599999,
,,,16.8299994E-6,1.0400000,
,,,16.8400002E-6,1.0400000,
,,,16.8499992E-6,1.0200000,
,,,16.8600000E-6,1.0400000,
,,,16.8700008E-6,1.0400000,
,,,16.8799997E-6,1.0200000,
,,,16.8900006E-6,1.0400000,
,,,16.8999995E-6,1.0599999,
,,,16.9100003E-6,1.0599999,
,,,16.9199993E-6,1.0599999,
,,,16.9300001E-6,1.0400000,
,,,16.9399991E-6,1.0200000,
,,,16.9499999E-6,1.0400000,
,,,16.9600007E-6,1.0599999,
,,,16.9699997E-6,1.0599999,
,,,16.9800005E-6,1.0400000,
,,,16.9899995E-6,1.0799999,
,,,17.0000003E-6,1.0400000,
,,,17.0099993E-6,1.0599999,
,,,17.0200001E-6,1.0400000,
,,,17.0299991E-6,1.0400000,
,,,17.0399999E-6,1.0599999,
,,,17.0500007E-6,1.0200000,
,,,17.0599997E-6,1.0799999,
,,,17.0700005E-6,1.0599999,
,,,17.0799995E-6,1.0200000,
,,,17.0900003E-6,1.0400000,
,,,17.0999992E-6,1.0200000,
,,,17.1100000E-6,1.0400000,
,,,17.1199990E-6,1.0400000,
,,,17.1299998E-6,1.0400000,
,,,17.1400006E-6,1.0400000,
,,,17.1499996E-6,1.0799999,
,,,17.1600004E-6,1.0599999,
,,,17.1699994E-6,1.0200000,
,,,17.1800002E-6,1.0599999,
,,,17.1899992E-6,1.0599999,
,,,17.2000000E-6,1.0400000,
,,,17.2099990E-6,1.0799999,
,,,17.2199998E-6,1.0200000,
,,,17.2300006E-6,1.0400000,
,,,17.2399996E-6,1.0599999,
,,,17.2500004E-6,1.0799999,
,,,17.2599994E-6,1.0400000,
,,,17.2700002E-6,1.0599999,
,,,17.2799992E-6,1.0400000,
,,,17.2900000E-6,1.1000000,
,,,17.3000008E-6,1.0599999,
,,,17.3099997E-6,1.0200000,
,,,17.3200006E-6,1.0400000,
,,,17.3299995E-6,1.0599999,
,,,17.3400003E-6,1.0599999,
,,,17.3499993E-6,1.0400000,
,,,17.3600001E-6,1.000000,
,,,17.3699991E-6,1.0400000,
,,,17.3799999E-6,1.1000000,
,,,17.3900007E-6,1.0599999,
,,,17.3999997E-6,1.0200000,
,,,17.4100005E-6,1.0599999,
,,,17.4199995E-6,1.0599999,
,,,17.4300003E-6,1.0599999,
,,,17.4399993E-6,1.0599999,
,,,17.4500001E-6,1.0400000,
,,,17.4599991E-6,1.0599999,
,,,17.4699999E-6,1.0599999,
,,,17.4800007E-6,1.0200000,
,,,17.4899997E-6,1.0200000,
,,,17.5000005E-6,1.0200000,
,,,17.5099995E-6,1.0599999,
,,,17.5200003E-6,1.0599999,
,,,17.5299992E-6,1.0200000,
,,,17.5400000E-6,1.0400000,
,,,17.5499990E-6,1.0599999,
,,,17.5599998E-6,1.0599999,
,,,17.5700006E-6,1.0799999,
,,,17.5799996E-6,1.0200000,
,,,17.5900004E-6,1.0400000,
,,,17.5999994E-6,1.0599999,
,,,17.6100002E-6,1.0400000,
,,,17.6199992E-6,1.0400000,
,,,17.6300000E-6,1.0200000,
,,,17.6399990E-6,1.0799999,
,,,17.6499998E-6,1.0799999,
,,,17.6600006E-6,1.0400000,
,,,17.6699996E-6,1.0400000,
,,,17.6800004E-6,1.0599999,
,,,17.6899994E-6,1.0200000,
,,,17.7000002E-6,1.0599999,
,,,17.7099992E-6,1.0400000,
,,,17.7200000E-6,1.0599999,
,,,17.7300008E-6,1.0599999,
,,,17.7399997E-6,1.1000000,
,,,17.7500006E-6,1.0599999,
,,,17.7599995E-6,1.0400000,
,,,17.7700003E-6,1.0400000,
,,,17.7799993E-6,1.0400000,
,,,17.7900001E-6,1.0599999,
,,,17.7999991E-6,1.0599999,
,,,17.8099999E-6,1.0400000,
,,,17.8200007E-6,1.0599999,
,,,17.8299997E-6,1.0200000,
,,,17.8400005E-6,1.0400000,
,,,17.8499995E-6,1.0400000,
,,,17.8600003E-6,1.0200000,
,,,17.8699993E-6,1.0799999,
,,,17.8800001E-6,1.0400000,
,,,17.8899991E-6,1.0400000,
,,,17.8999999E-6,1.0599999,
,,,17.9100007E-6,1.0799999,
,,,17.9199997E-6,1.0400000,
,,,17.9300005E-6,1.0400000,
,,,17.9399995E-6,1.0599999,
,,,17.9500003E-6,1.0400000,
,,,17.9599992E-6,1.0599999,
,,,17.9700000E-6,1.0400000,
,,,17.9799990E-6,1.0400000,
,,,17.9899998E-6,1.0400000,
,,,18.0000006E-6,1.0799999,
,,,18.0099996E-6,1.0400000,
,,,18.0200004E-6,1.0400000,
,,,18.0299994E-6,1.0400000,
,,,18.0400002E-6,1.0400000,
,,,18.0499992E-6,1.0799999,
,,,18.0600000E-6,1.0599999,
,,,18.0699990E-6,1.0400000,
,,,18.0799998E-6,1.0200000,
,,,18.0900006E-6,1.0400000,
,,,18.0999996E-6,1.0200000,
,,,18.1100004E-6,1.0400000,
,,,18.1199994E-6,1.0599999,
,,,18.1300002E-6,1.0400000,
,,,18.1399992E-6,1.0599999,
,,,18.1500000E-6,1.0799999,
,,,18.1600008E-6,1.0400000,
,,,18.1699997E-6,1.0599999,
,,,18.1800006E-6,1.0400000,
,,,18.1899995E-6,1.0400000,
,,,18.2000003E-6,1.0599999,
,,,18.2099993E-6,1.0400000,
,,,18.2200001E-6,1.0599999,
,,,18.2299991E-6,1.0400000,
,,,18.2399999E-6,1.0599999,
,,,18.2500007E-6,1.0200000,
,,,18.2599997E-6,1.0599999,
,,,18.2700005E-6,1.0400000,
,,,18.2799995E-6,1.0200000,
,,,18.2900003E-6,1.0400000,
,,,18.2999993E-6,1.0799999,
,,,18.3100001E-6,1.0799999,
,,,18.3199991E-6,1.0200000,
,,,18.3299999E-6,1.0200000,
,,,18.3400007E-6,1.0599999,
,,,18.3499997E-6,1.0599999,
,,,18.3600005E-6,1.0400000,
,,,18.3699995E-6,1.0400000,
,,,18.3800003E-6,1.0599999,
,,,18.3899992E-6,1.0400000,
,,,18.4000000E-6,1.0200000,
,,,18.4099990E-6,1.0400000,
,,,18.4199998E-6,1.0599999,
,,,18.4300006E-6,1.0400000,
,,,18.4399996E-6,1.0400000,
,,,18.4500004E-6,1.0400000,
,,,18.4599994E-6,1.0599999,
,,,18.4700002E-6,1.0400000,
,,,18.4799992E-6,1.0400000,
,,,18.4900000E-6,1.0200000,
,,,18.4999990E-6,1.0400000,
,,,18.5099998E-6,1.0400000,
,,,18.5200006E-6,1.0599999,
,,,18.5299996E-6,1.0200000,
,,,18.5400004E-6,1.0400000,
,,,18.5499994E-6,1.0400000,
,,,18.5600002E-6,1.0599999,
,,,18.5699992E-6,1.0200000,
,,,18.5800000E-6,1.0400000,
,,,18.5900008E-6,1.0400000,
,,,18.5999997E-6,1.0400000,
,,,18.6100006E-6,1.0599999,
,,,18.6199995E-6,1.0400000,
,,,18.6300003E-6,1.0599999,
,,,18.6399993E-6,1.0200000,
,,,18.6500001E-6,1.0400000,
,,,18.6599991E-6,1.0400000,
,,,18.6699999E-6,1.0599999,
,,,18.6800007E-6,1.0599999,
,,,18.6899997E-6,1.0400000,
,,,18.7000005E-6,1.0200000,
,,,18.7099995E-6,1.0400000,
,,,18.7200003E-6,1.0400000,
,,,18.7299993E-6,1.0799999,
,,,18.7400001E-6,1.0599999,
,,,18.7499991E-6,1.0400000,
,,,18.7599999E-6,1.0400000,
,,,18.7700007E-6,1.0200000,
,,,18.7799997E-6,1.0599999,
,,,18.7900005E-6,1.0200000,
,,,18.7999995E-6,1.0400000,
,,,18.8100003E-6,1.0599999,
,,,18.8199992E-6,1.0400000,
,,,18.8300000E-6,1.0799999,
,,,18.8399990E-6,1.0400000,
,,,18.8499998E-6,1.000000,
,,,18.8600006E-6,1.0400000,
,,,18.8699996E-6,1.0599999,
,,,18.8800004E-6,1.0599999,
,,,18.8899994E-6,1.0400000,
,,,18.9000002E-6,1.0599999,
,,,18.9099992E-6,1.0599999,
,,,18.9200000E-6,1.0599999,
,,,18.9299990E-6,1.0400000,
,,,18.9399998E-6,1.0200000,
,,,18.9500006E-6,1.0799999,
,,,18.9599996E-6,1.0799999,
,,,18.9700004E-6,1.0599999,
,,,18.9799994E-6,1.0200000,
,,,18.9900002E-6,1.0200000,
,,,18.9999992E-6,1.0799999,
,,,19.0100000E-6,1.0400000,
,,,19.0200008E-6,1.0200000,
,,,19.0299997E-6,1.0200000,
,,,19.0400006E-6,1.0799999,
,,,19.0499995E-6,1.1000000,
,,,19.0600003E-6,1.0200000,
,,,19.0699993E-6,1.0200000,
,,,19.0800001E-6,1.0200000,
,,,19.0899991E-6,1.0599999,
,,,19.0999999E-6,1.0799999,
,,,19.1100007E-6,1.0400000,
,,,19.1199997E-6,1.0200000,
,,,19.1300005E-6,1.0400000,
,,,19.1399995E-6,1.0799999,
,,,19.1500003E-6,1.0400000,
,,,19.1599993E-6,1.0400000,
,,,19.1700001E-6,1.0400000,
,,,19.1799991E-6,1.0799999,
,,,19.1899999E-6,1.0599999,
,,,19.2000007E-6,1.0599999,
,,,19.2099997E-6,1.0200000,
,,,19.2200005E-6,1.0200000,
,,,19.2299995E-6,1.0599999,
,,,19.2400003E-6,1.0799999,
,,,19.2499992E-6,1.0599999,
,,,19.2600000E-6,1.0200000,
,,,19.2699990E-6,1.0200000,
,,,19.2799998E-6,1.0799999,
,,,19.2900006E-6,1.0599999,
,,,19.2999996E-6,1.0400000,
,,,19.3100004E-6,1.0200000,
,,,19.3199994E-6,1.0599999,
,,,19.3300002E-6,1.0599999,
,,,19.3399992E-6,1.0400000,
,,,19.3500000E-6,1.0400000,
,,,19.3599990E-6,1.0400000,
,,,19.3699998E-6,1.0799999,
,,,19.3800006E-6,1.0599999,
,,,19.3899996E-6,1.0200000,
,,,19.4000004E-6,1.0599999,
,,,19.4099994E-6,1.0400000,
,,,19.4200002E-6,1.0400000,
,,,19.4299992E-6,1.0799999,
,,,19.4400000E-6,1.0599999,
,,,19.4500008E-6,1.0599999,
,,,19.4599997E-6,1.0599999,
,,,19.4700006E-6,1.0200000,
,,,19.4799995E-6,1.0599999,
,,,19.4900003E-6,1.0599999,
,,,19.4999993E-6,1.0400000,
,,,19.5100001E-6,1.0599999,
,,,19.5199991E-6,1.0400000,
,,,19.5299999E-6,1.0599999,
,,,19.5400007E-6,1.1000000,
,,,19.5499997E-6,1.0400000,
,,,19.5600005E-6,1.0200000,
,,,19.5699995E-6,1.0599999,
,,,19.5800003E-6,1.0200000,
,,,19.5899993E-6,1.0599999,
,,,19.6000001E-6,1.0400000,
,,,19.6099991E-6,1.0200000,
,,,19.6199999E-6,1.0599999,
,,,19.6300007E-6,1.0599999,
,,,19.6399997E-6,1.0599999,
,,,19.6500005E-6,1.0599999,
,,,19.6599995E-6,1.0599999,
,,,19.6700003E-6,1.0400000,
,,,19.6799992E-6,1.0799999,
,,,19.6900000E-6,1.0599999,
,,,19.6999990E-6,1.0599999,
,,,19.7099998E-6,1.0799999,
,,,19.7200006E-6,1.0599999,
,,,19.7299996E-6,1.0400000,
,,,19.7400004E-6,1.0599999,
,,,19.7499994E-6,1.0400000,
,,,19.7600002E-6,1.0599999,
,,,19.7699992E-6,1.0400000,
,,,19.7800000E-6,1.0200000,
,,,19.7899990E-6,1.0599999,
,,,19.7999998E-6,1.0400000,
,,,19.8100006E-6,1.0400000,
,,,19.8199996E-6,1.0200000,
,,,19.8300004E-6,1.0400000,
,,,19.8399994E-6,1.0400000,
,,,19.8500002E-6,1.0599999,
,,,19.8599992E-6,1.0200000,
,,,19.8700000E-6,1.0599999,
,,,19.8799989E-6,1.0599999,
,,,19.8899997E-6,1.0599999,
,,,19.9000006E-6,1.0400000,
,,,19.9099995E-6,1.0400000,
,,,19.9200003E-6,1.0599999,
,,,19.9299993E-6,1.0400000,
,,,19.9400001E-6,1.0400000,
,,,19.9499991E-6,1.0400000,
,,,19.9599999E-6,1.0799999,
,,,19.9700007E-6,1.0799999,
,,,19.9799997E-6,1.0400000,
,,,19.9900005E-6,1.0200000,
,,,19.9999995E-6,1.0200000,
,,,20.0100003E-6,1.0799999,
,,,20.0199993E-6,1.0599999,
,,,20.0300001E-6,1.0200000,
,,,20.0399991E-6,1.0200000,
,,,20.0499999E-6,1.0799999,
,,,20.0600007E-6,1.0799999,
,,,20.0699997E-6,1.000000,
,,,20.0800005E-6,979.999959469E-3,
,,,20.08999945E-6,1.0599999,
,,,20.10000026E-6,1.1200000,
,,,20.10999924E-6,1.0400000,
,,,20.12000004E-6,979.999959469E-3,
,,,20.12999903E-6,1.0200000,
,,,20.13999983E-6,1.1200000,
,,,20.15000064E-6,1.1200000,
,,,20.15999962E-6,979.999959469E-3,
,,,20.17000043E-6,979.999959469E-3,
,,,20.17999941E-6,1.0599999,
,,,20.19000021E-6,1.0799999,
,,,20.19999920E-6,1.0599999,
,,,20.21000000E-6,979.999959469E-3,
,,,20.21999899E-6,979.999959469E-3,
,,,20.22999979E-6,1.0599999,
,,,20.24000059E-6,1.1200000,
,,,20.24999958E-6,1.000000,
,,,20.26000038E-6,959.999978542E-3,
,,,20.26999937E-6,1.0400000,
,,,20.28000017E-6,1.1000000,
,,,20.28999916E-6,1.0400000,
,,,20.29999996E-6,1.0200000,
,,,20.30999894E-6,979.999959469E-3,
,,,20.31999975E-6,1.0599999,
,,,20.33000055E-6,1.0599999,
,,,20.33999954E-6,1.0200000,
,,,20.35000034E-6,1.000000,
,,,20.35999933E-6,1.0599999,
,,,20.37000013E-6,1.1000000,
,,,20.37999911E-6,1.0599999,
,,,20.38999992E-6,1.000000,
,,,20.40000072E-6,1.0400000,
,,,20.40999971E-6,1.0799999,
,,,20.42000051E-6,1.0599999,
,,,20.42999949E-6,1.0599999,
,,,20.44000030E-6,1.0200000,
,,,20.44999928E-6,1.0400000,
,,,20.46000009E-6,1.0799999,
,,,20.46999907E-6,1.0599999,
,,,20.47999988E-6,1.000000,
,,,20.49000068E-6,1.0200000,
,,,20.49999966E-6,1.0799999,
,,,20.51000047E-6,1.0599999,
,,,20.51999945E-6,1.0400000,
,,,20.53000026E-6,1.0200000,
,,,20.53999924E-6,1.0400000,
,,,20.55000004E-6,1.0799999,
,,,20.55999903E-6,1.0599999,
,,,20.56999983E-6,1.0200000,
,,,20.58000064E-6,1.0400000,
,,,20.58999962E-6,1.0799999,
,,,20.60000043E-6,1.0599999,
,,,20.60999941E-6,1.0599999,
,,,20.62000021E-6,1.0200000,
,,,20.62999920E-6,1.0799999,
,,,20.64000000E-6,1.0599999,
,,,20.64999899E-6,1.0599999,
,,,20.65999979E-6,1.000000,
,,,20.67000059E-6,1.0599999,
,,,20.67999958E-6,1.0400000,
,,,20.69000038E-6,1.0599999,
